holiday,temp,rain_1h,snow_1h,clouds_all,weather_main,weather_description,date_time,traffic_volume,hour,day_of_week,is_weekend,is_rush_hour,transport_demand_level,temp_celsius,electricity_demand_level,water_service_demand_level,is_holiday
,288.28,0.0,0.0,40,Clouds,scattered clouds,2012-10-02 09:00:00,5545.0,9,1,False,True,High,15.129999999999995,Low,Low,0
,289.36,0.0,0.0,75,Clouds,broken clouds,2012-10-02 10:00:00,4516.0,10,1,False,False,Medium,16.210000000000036,Low,Low,0
,289.58,0.0,0.0,90,Clouds,overcast clouds,2012-10-02 11:00:00,4767.0,11,1,False,False,High,16.430000000000007,Low,Low,0
,290.13,0.0,0.0,90,Clouds,overcast clouds,2012-10-02 12:00:00,5026.0,12,1,False,False,High,16.980000000000018,Low,Low,0
,291.14,0.0,0.0,75,Clouds,broken clouds,2012-10-02 13:00:00,4918.0,13,1,False,False,High,17.99000000000001,Low,Low,0
,291.72,0.0,0.0,1,Clear,sky is clear,2012-10-02 14:00:00,5181.0,14,1,False,False,High,18.57000000000005,Low,Low,0
,293.17,0.0,0.0,1,Clear,sky is clear,2012-10-02 15:00:00,5584.0,15,1,False,False,High,20.02000000000004,Low,Low,0
,293.86,0.0,0.0,1,Clear,sky is clear,2012-10-02 16:00:00,6015.0,16,1,False,True,High,20.710000000000036,Low,Low,0
,294.14,0.0,0.0,20,Clouds,few clouds,2012-10-02 17:00:00,5791.0,17,1,False,True,High,20.99000000000001,Low,Low,0
,293.1,0.0,0.0,20,Clouds,few clouds,2012-10-02 18:00:00,4770.0,18,1,False,True,High,19.950000000000045,Low,Low,0
,290.97,0.0,0.0,20,Clouds,few clouds,2012-10-02 19:00:00,3539.0,19,1,False,False,Medium,17.82000000000005,Low,Low,0
,289.38,0.0,0.0,1,Clear,sky is clear,2012-10-02 20:00:00,2784.0,20,1,False,False,Medium,16.230000000000018,Low,Low,0
,288.61,0.0,0.0,1,Clear,sky is clear,2012-10-02 21:00:00,2361.0,21,1,False,False,Medium,15.460000000000036,Low,Low,0
,287.16,0.0,0.0,1,Clear,sky is clear,2012-10-02 22:00:00,1529.0,22,1,False,False,Low,14.010000000000048,Medium,Low,0
,285.45,0.0,0.0,1,Clear,sky is clear,2012-10-02 23:00:00,963.0,23,1,False,False,Low,12.300000000000011,Medium,Low,0
,284.63,0.0,0.0,1,Clear,sky is clear,2012-10-03 00:00:00,506.0,0,2,False,False,Low,11.480000000000018,Medium,Low,0
,283.47,0.0,0.0,1,Clear,sky is clear,2012-10-03 01:00:00,321.0,1,2,False,False,Low,10.32000000000005,Medium,Low,0
,281.18,0.0,0.0,1,Clear,sky is clear,2012-10-03 02:00:00,273.0,2,2,False,False,Low,8.03000000000003,Medium,Low,0
,281.09,0.0,0.0,1,Clear,sky is clear,2012-10-03 03:00:00,367.0,3,2,False,False,Low,7.939999999999998,Medium,Low,0
,279.53,0.0,0.0,1,Clear,sky is clear,2012-10-03 04:00:00,814.0,4,2,False,False,Low,6.3799999999999955,Medium,Low,0
,278.62,0.0,0.0,1,Clear,sky is clear,2012-10-03 05:00:00,2718.0,5,2,False,False,Medium,5.470000000000027,Medium,Low,0
,278.23,0.0,0.0,1,Clear,sky is clear,2012-10-03 06:00:00,5673.0,6,2,False,False,High,5.080000000000041,Medium,Low,0
,278.12,0.0,0.0,1,Clear,sky is clear,2012-10-03 08:00:00,6511.0,8,2,False,True,High,4.970000000000027,High,Low,0
,282.48,0.0,0.0,1,Clear,sky is clear,2012-10-03 09:00:00,5471.0,9,2,False,True,High,9.330000000000041,Medium,Low,0
,291.97,0.0,0.0,1,Clear,sky is clear,2012-10-03 12:00:00,5097.0,12,2,False,False,High,18.82000000000005,Low,Low,0
,293.23,0.0,0.0,1,Clear,sky is clear,2012-10-03 13:00:00,4887.0,13,2,False,False,High,20.08000000000004,Low,Low,0
,294.31,0.0,0.0,1,Clear,sky is clear,2012-10-03 14:00:00,5337.0,14,2,False,False,High,21.160000000000025,Low,Low,0
,295.17,0.0,0.0,1,Clear,sky is clear,2012-10-03 15:00:00,5692.0,15,2,False,False,High,22.02000000000004,Medium,Low,0
,295.13,0.0,0.0,1,Clear,sky is clear,2012-10-03 16:00:00,6137.0,16,2,False,True,High,21.980000000000018,Low,Low,0
,293.66,0.0,0.0,20,Clouds,few clouds,2012-10-03 18:00:00,4623.0,18,2,False,True,Medium,20.510000000000048,Low,Low,0
,290.65,0.0,0.0,20,Clouds,few clouds,2012-10-03 19:00:00,3591.0,19,2,False,False,Medium,17.5,Low,Low,0
,288.19,0.0,0.0,20,Clouds,few clouds,2012-10-03 20:00:00,2898.0,20,2,False,False,Medium,15.04000000000002,Low,Low,0
,287.1,0.0,0.0,1,Clear,sky is clear,2012-10-03 21:00:00,2637.0,21,2,False,False,Medium,13.950000000000045,Medium,Low,0
,286.25,0.0,0.0,1,Clear,sky is clear,2012-10-03 22:00:00,1777.0,22,2,False,False,Low,13.100000000000023,Medium,Low,0
,285.26,0.0,0.0,1,Clear,sky is clear,2012-10-03 23:00:00,1015.0,23,2,False,False,Low,12.110000000000014,Medium,Low,0
,284.55,0.0,0.0,1,Clear,sky is clear,2012-10-04 00:00:00,598.0,0,3,False,False,Low,11.400000000000034,Medium,Low,0
,283.47,0.0,0.0,1,Clear,sky is clear,2012-10-04 01:00:00,369.0,1,3,False,False,Low,10.32000000000005,Medium,Low,0
,283.17,0.0,0.0,1,Clear,sky is clear,2012-10-04 02:00:00,312.0,2,3,False,False,Low,10.020000000000039,Medium,Low,0
,282.04,0.0,0.0,1,Clear,sky is clear,2012-10-04 03:00:00,367.0,3,3,False,False,Low,8.890000000000043,Medium,Low,0
,281.69,0.0,0.0,1,Clear,sky is clear,2012-10-04 04:00:00,835.0,4,3,False,False,Low,8.54000000000002,Medium,Low,0
,281.32,0.0,0.0,1,Clear,sky is clear,2012-10-04 05:00:00,2726.0,5,3,False,False,Medium,8.170000000000016,Medium,Low,0
,280.74,0.0,0.0,1,Clear,sky is clear,2012-10-04 06:00:00,5689.0,6,3,False,False,High,7.590000000000032,Medium,Low,0
,280.57,0.0,0.0,1,Clear,sky is clear,2012-10-04 07:00:00,6990.0,7,3,False,True,High,7.420000000000016,Medium,Low,0
,281.86,0.0,0.0,1,Clear,sky is clear,2012-10-04 08:00:00,5985.0,8,3,False,True,High,8.710000000000036,Medium,Low,0
,284.98,0.0,0.0,1,Clear,sky is clear,2012-10-04 09:00:00,5309.0,9,3,False,True,High,11.830000000000041,Medium,Low,0
,289.18,0.0,0.0,1,Clear,sky is clear,2012-10-04 10:00:00,4603.0,10,3,False,False,Medium,16.03000000000003,Low,Low,0
,291.55,0.0,0.0,1,Clear,sky is clear,2012-10-04 11:00:00,4884.0,11,3,False,False,High,18.400000000000034,Low,Low,0
,294.97,0.0,0.0,1,Clear,sky is clear,2012-10-04 12:00:00,5104.0,12,3,False,False,High,21.82000000000005,Low,Low,0
,296.38,0.0,0.0,1,Clear,sky is clear,2012-10-04 13:00:00,5178.0,13,3,False,False,High,23.230000000000018,Medium,Low,0
,297.32,0.0,0.0,1,Clear,sky is clear,2012-10-04 14:00:00,5501.0,14,3,False,False,High,24.170000000000016,Medium,Low,0
,298.17,0.0,0.0,1,Clear,sky is clear,2012-10-04 15:00:00,5713.0,15,3,False,False,High,25.02000000000004,Medium,Low,0
,298.06,0.0,0.0,20,Clouds,few clouds,2012-10-04 16:00:00,6292.0,16,3,False,True,High,24.910000000000025,Medium,Low,0
,297.67,0.0,0.0,20,Clouds,few clouds,2012-10-04 17:00:00,6057.0,17,3,False,True,High,24.52000000000004,Medium,Low,0
,296.36,0.0,0.0,40,Clouds,scattered clouds,2012-10-04 18:00:00,4907.0,18,3,False,True,High,23.210000000000036,Medium,Low,0
,293.85,0.0,0.0,40,Clouds,scattered clouds,2012-10-04 19:00:00,3503.0,19,3,False,False,Medium,20.700000000000045,Low,Low,0
,292.43,0.0,0.0,40,Clouds,scattered clouds,2012-10-04 20:00:00,3037.0,20,3,False,False,Medium,19.28000000000003,Low,Low,0
,291.77,0.0,0.0,75,Clouds,broken clouds,2012-10-04 21:00:00,2822.0,21,3,False,False,Medium,18.620000000000005,Low,Low,0
,291.36,0.0,0.0,75,Clouds,broken clouds,2012-10-04 22:00:00,1992.0,22,3,False,False,Low,18.210000000000036,Low,Low,0
,291.12,0.0,0.0,75,Clouds,broken clouds,2012-10-04 23:00:00,1166.0,23,3,False,False,Low,17.970000000000027,Low,Low,0
,290.63,0.0,0.0,75,Clouds,broken clouds,2012-10-05 00:00:00,627.0,0,4,False,False,Low,17.480000000000018,Low,Low,0
,290.46,0.0,0.0,40,Clouds,scattered clouds,2012-10-05 01:00:00,388.0,1,4,False,False,Low,17.310000000000002,Low,Low,0
,289.26,0.0,0.0,0,Clear,sky is clear,2012-10-05 03:00:00,368.0,3,4,False,False,Low,16.110000000000014,Low,Low,0
,283.21,0.0,0.0,75,Clouds,broken clouds,2012-10-05 05:00:00,2489.0,5,4,False,False,Medium,10.060000000000002,Medium,Low,0
,282.24,0.0,0.0,90,Clouds,overcast clouds,2012-10-05 06:00:00,5537.0,6,4,False,False,High,9.090000000000032,Medium,Low,0
,281.69,0.0,0.0,90,Clouds,overcast clouds,2012-10-05 07:00:00,6628.0,7,4,False,True,High,8.54000000000002,Medium,Low,0
,280.57,0.0,0.0,90,Clouds,overcast clouds,2012-10-05 08:00:00,5534.0,8,4,False,True,High,7.420000000000016,Medium,Low,0
,280.02,0.0,0.0,75,Clouds,broken clouds,2012-10-05 09:00:00,5403.0,9,4,False,True,High,6.8700000000000045,Medium,Low,0
,280.11,0.0,0.0,75,Clouds,broken clouds,2012-10-05 10:00:00,4770.0,10,4,False,False,High,6.960000000000036,Medium,Low,0
,280.0,0.0,0.0,90,Clouds,overcast clouds,2012-10-05 11:00:00,5217.0,11,4,False,False,High,6.850000000000023,Medium,Low,0
,280.53,0.0,0.0,90,Clouds,overcast clouds,2012-10-05 12:00:00,5870.0,12,4,False,False,High,7.3799999999999955,Medium,Low,0
,281.43,0.0,0.0,75,Clouds,broken clouds,2012-10-05 13:00:00,5967.0,13,4,False,False,High,8.28000000000003,Medium,Low,0
,281.78,0.0,0.0,90,Clouds,overcast clouds,2012-10-05 14:00:00,6108.0,14,4,False,False,High,8.629999999999995,Medium,Low,0
,281.91,0.0,0.0,90,Clouds,overcast clouds,2012-10-05 15:00:00,6128.0,15,4,False,False,High,8.760000000000048,Medium,Low,0
,281.73,0.0,0.0,90,Clouds,overcast clouds,2012-10-05 16:00:00,6069.0,16,4,False,True,High,8.580000000000041,Medium,Low,0
,281.42,0.0,0.0,90,Clouds,overcast clouds,2012-10-05 17:00:00,6169.0,17,4,False,True,High,8.270000000000039,Medium,Low,0
,280.87,0.0,0.0,90,Clouds,overcast clouds,2012-10-05 18:00:00,5384.0,18,4,False,True,High,7.720000000000027,Medium,Low,0
,280.15,0.0,0.0,90,Clouds,overcast clouds,2012-10-05 19:00:00,4063.0,19,4,False,False,Medium,7.0,Medium,Low,0
,279.78,0.0,0.0,90,Clouds,overcast clouds,2012-10-05 20:00:00,3364.0,20,4,False,False,Medium,6.6299999999999955,Medium,Low,0
,279.65,0.0,0.0,75,Clouds,broken clouds,2012-10-05 21:00:00,2971.0,21,4,False,False,Medium,6.5,Medium,Low,0
,279.22,0.0,0.0,40,Clouds,scattered clouds,2012-10-05 22:00:00,2450.0,22,4,False,False,Medium,6.07000000000005,Medium,Low,0
,279.06,0.0,0.0,40,Clouds,scattered clouds,2012-10-05 23:00:00,1832.0,23,4,False,False,Low,5.910000000000025,Medium,Low,0
,278.81,0.0,0.0,90,Clouds,overcast clouds,2012-10-06 00:00:00,1231.0,0,5,True,False,Low,5.660000000000025,Medium,Low,0
,278.55,0.0,0.0,90,Clouds,overcast clouds,2012-10-06 01:00:00,718.0,1,5,True,False,Low,5.400000000000034,Medium,Low,0
,278.59,0.0,0.0,90,Clouds,overcast clouds,2012-10-06 02:00:00,545.0,2,5,True,False,Low,5.439999999999998,Medium,Low,0
,276.99,0.0,0.0,75,Clouds,broken clouds,2012-10-06 04:00:00,411.0,4,5,True,False,Low,3.840000000000032,High,Low,0
,276.35,0.0,0.0,20,Clouds,few clouds,2012-10-06 05:00:00,688.0,5,5,True,False,Low,3.2000000000000455,High,Low,0
,275.4,0.0,0.0,1,Clear,sky is clear,2012-10-06 06:00:00,1352.0,6,5,True,False,Low,2.25,High,Low,0
,275.17,0.0,0.0,1,Clear,sky is clear,2012-10-06 07:00:00,2072.0,7,5,True,False,Low,2.0200000000000387,High,Low,0
,274.99,0.0,0.0,1,Clear,sky is clear,2012-10-06 08:00:00,3342.0,8,5,True,False,Medium,1.8400000000000318,High,Low,0
,275.09,0.0,0.0,40,Clouds,scattered clouds,2012-10-06 09:00:00,4258.0,9,5,True,False,Medium,1.9399999999999977,High,Low,0
,276.88,0.0,0.0,20,Clouds,few clouds,2012-10-06 10:00:00,4861.0,10,5,True,False,High,3.730000000000018,High,Low,0
,278.04,0.0,0.0,20,Clouds,few clouds,2012-10-06 11:00:00,5191.0,11,5,True,False,High,4.890000000000043,High,Low,0
,279.08,0.0,0.0,40,Clouds,scattered clouds,2012-10-06 12:00:00,5669.0,12,5,True,False,High,5.930000000000007,Medium,Low,0
,280.12,0.0,0.0,75,Clouds,broken clouds,2012-10-06 13:00:00,5074.0,13,5,True,False,High,6.970000000000027,Medium,Low,0
,280.25,0.0,0.0,75,Clouds,broken clouds,2012-10-06 14:00:00,5025.0,14,5,True,False,High,7.100000000000023,Medium,Low,0
,280.0,0.0,0.0,75,Clouds,broken clouds,2012-10-06 15:00:00,5153.0,15,5,True,False,High,6.850000000000023,Medium,Low,0
,279.06,0.0,0.0,90,Clouds,overcast clouds,2012-10-06 16:00:00,5024.0,16,5,True,False,High,5.910000000000025,Medium,Low,0
,278.91,0.0,0.0,90,Clouds,overcast clouds,2012-10-06 17:00:00,4779.0,17,5,True,False,High,5.760000000000048,Medium,Low,0
,278.39,0.0,0.0,90,Clouds,overcast clouds,2012-10-06 18:00:00,4362.0,18,5,True,False,Medium,5.240000000000009,Medium,Low,0
,278.16,0.0,0.0,90,Clouds,overcast clouds,2012-10-06 19:00:00,3860.0,19,5,True,False,Medium,5.010000000000048,Medium,Low,0
,278.16,0.0,0.0,90,Clouds,overcast clouds,2012-10-06 20:00:00,3160.0,20,5,True,False,Medium,5.010000000000048,Medium,Low,0
,277.93,0.0,0.0,90,Clouds,overcast clouds,2012-10-06 21:00:00,2992.0,21,5,True,False,Medium,4.78000000000003,High,Low,0
,276.9,0.0,0.0,90,Clouds,overcast clouds,2012-10-06 22:00:00,3202.0,22,5,True,False,Medium,3.75,High,Low,0
,276.34,0.0,0.0,75,Clouds,broken clouds,2012-10-06 23:00:00,1941.0,23,5,True,False,Low,3.1899999999999977,High,Low,0
,276.11,0.0,0.0,75,Clouds,broken clouds,2012-10-07 00:00:00,1233.0,0,6,True,False,Low,2.9600000000000364,High,Low,0
,275.73,0.0,0.0,90,Clouds,overcast clouds,2012-10-07 03:00:00,323.0,3,6,True,False,Low,2.580000000000041,High,Low,0
,275.65,0.0,0.0,90,Clouds,overcast clouds,2012-10-07 04:00:00,312.0,4,6,True,False,Low,2.5,High,Low,0
,275.51,0.0,0.0,75,Clouds,broken clouds,2012-10-07 05:00:00,627.0,5,6,True,False,Low,2.3600000000000136,High,Low,0
,275.05,0.0,0.0,90,Clouds,overcast clouds,2012-10-07 06:00:00,1508.0,6,6,True,False,Low,1.900000000000034,High,Low,0
,274.77,0.0,0.0,90,Clouds,overcast clouds,2012-10-07 07:00:00,1539.0,7,6,True,False,Low,1.6200000000000045,High,Low,0
,274.77,0.0,0.0,75,Clouds,broken clouds,2012-10-07 08:00:00,2232.0,8,6,True,False,Medium,1.6200000000000045,High,Low,0
,275.55,0.0,0.0,75,Clouds,broken clouds,2012-10-07 09:00:00,4568.0,9,6,True,False,Medium,2.400000000000034,High,Low,0
,276.24,0.0,0.0,75,Clouds,broken clouds,2012-10-07 10:00:00,4624.0,10,6,True,False,Medium,3.090000000000032,High,Low,0
,277.01,0.0,0.0,90,Clouds,overcast clouds,2012-10-07 11:00:00,4529.0,11,6,True,False,Medium,3.8600000000000136,High,Low,0
,277.43,0.0,0.0,90,Clouds,overcast clouds,2012-10-07 12:00:00,5139.0,12,6,True,False,High,4.28000000000003,High,Low,0
,278.45,0.0,0.0,90,Clouds,overcast clouds,2012-10-07 13:00:00,6640.0,13,6,True,False,High,5.300000000000011,Medium,Low,0
,279.27,0.0,0.0,90,Clouds,overcast clouds,2012-10-07 14:00:00,6589.0,14,6,True,False,High,6.1200000000000045,Medium,Low,0
,279.27,0.0,0.0,90,Clouds,overcast clouds,2012-10-07 15:00:00,4429.0,15,6,True,False,Medium,6.1200000000000045,Medium,Low,0
,279.44,0.0,0.0,90,Clouds,overcast clouds,2012-10-07 16:00:00,4329.0,16,6,True,False,Medium,6.2900000000000205,Medium,Low,0
,279.32,0.0,0.0,90,Clouds,overcast clouds,2012-10-07 17:00:00,3833.0,17,6,True,False,Medium,6.170000000000016,Medium,Low,0
,279.27,0.0,0.0,90,Clouds,overcast clouds,2012-10-07 18:00:00,4015.0,18,6,True,False,Medium,6.1200000000000045,Medium,Low,0
,278.11,0.0,0.0,90,Clouds,overcast clouds,2012-10-07 19:00:00,3382.0,19,6,True,False,Medium,4.960000000000036,High,Low,0
,276.79,0.0,0.0,75,Clouds,broken clouds,2012-10-07 20:00:00,2815.0,20,6,True,False,Medium,3.640000000000043,High,Low,0
,275.73,0.0,0.0,90,Clouds,overcast clouds,2012-10-07 21:00:00,2110.0,21,6,True,False,Low,2.580000000000041,High,Low,0
,274.88,0.0,0.0,75,Clouds,broken clouds,2012-10-07 22:00:00,1555.0,22,6,True,False,Low,1.7300000000000182,High,Low,0
,273.92,0.0,0.0,20,Clouds,few clouds,2012-10-07 23:00:00,959.0,23,6,True,False,Low,0.7700000000000387,High,Low,0
Columbus Day,273.08,0.0,0.0,20,Clouds,few clouds,2012-10-08 00:00:00,455.0,0,0,False,False,Low,-0.06999999999999318,High,Low,1
,272.62,0.0,0.0,20,Clouds,few clouds,2012-10-08 01:00:00,336.0,1,0,False,False,Low,-0.5299999999999727,High,Low,0
,271.78,0.0,0.0,1,Clear,sky is clear,2012-10-08 02:00:00,265.0,2,0,False,False,Low,-1.3700000000000045,High,Low,0
,271.05,0.0,0.0,1,Clear,sky is clear,2012-10-08 03:00:00,314.0,3,0,False,False,Low,-2.099999999999966,High,Low,0
,270.63,0.0,0.0,1,Clear,sky is clear,2012-10-08 04:00:00,779.0,4,0,False,False,Low,-2.519999999999982,High,Low,0
,270.33,0.0,0.0,1,Clear,sky is clear,2012-10-08 05:00:00,2571.0,5,0,False,False,Medium,-2.819999999999993,High,Low,0
,269.61,0.0,0.0,20,Clouds,few clouds,2012-10-08 06:00:00,5563.0,6,0,False,False,High,-3.5399999999999636,High,Low,0
,270.01,0.0,0.0,20,Clouds,few clouds,2012-10-08 07:00:00,6676.0,7,0,False,True,High,-3.1399999999999864,High,Low,0
,271.23,0.0,0.0,20,Clouds,few clouds,2012-10-08 08:00:00,5966.0,8,0,False,True,High,-1.919999999999959,High,Low,0
,273.71,0.0,0.0,20,Clouds,few clouds,2012-10-08 09:00:00,4832.0,9,0,False,True,High,0.5600000000000023,High,Low,0
,276.77,0.0,0.0,20,Clouds,few clouds,2012-10-08 10:00:00,4395.0,10,0,False,False,Medium,3.6200000000000045,High,Low,0
,279.47,0.0,0.0,20,Clouds,few clouds,2012-10-08 11:00:00,4411.0,11,0,False,False,Medium,6.32000000000005,Medium,Low,0
,279.84,0.0,0.0,1,Clear,sky is clear,2012-10-08 12:00:00,4648.0,12,0,False,False,Medium,6.689999999999998,Medium,Low,0
,282.34,0.0,0.0,40,Clouds,scattered clouds,2012-10-08 13:00:00,4602.0,13,0,False,False,Medium,9.189999999999998,Medium,Low,0
,282.94,0.0,0.0,40,Clouds,scattered clouds,2012-10-08 14:00:00,5125.0,14,0,False,False,High,9.79000000000002,Medium,Low,0
,283.48,0.0,0.0,1,Clear,sky is clear,2012-10-08 15:00:00,5502.0,15,0,False,False,High,10.330000000000041,Medium,Low,0
,284.33,0.0,0.0,1,Clear,sky is clear,2012-10-08 16:00:00,5979.0,16,0,False,True,High,11.180000000000007,Medium,Low,0
,284.48,0.0,0.0,40,Clouds,scattered clouds,2012-10-08 17:00:00,5663.0,17,0,False,True,High,11.330000000000041,Medium,Low,0
,284.23,0.0,0.0,40,Clouds,scattered clouds,2012-10-08 18:00:00,4259.0,18,0,False,True,Medium,11.080000000000041,Medium,Low,0
,281.99,0.0,0.0,20,Clouds,few clouds,2012-10-08 19:00:00,3069.0,19,0,False,False,Medium,8.840000000000032,Medium,Low,0
,279.81,0.0,0.0,1,Clear,sky is clear,2012-10-08 20:00:00,2378.0,20,0,False,False,Medium,6.660000000000025,Medium,Low,0
,279.35,0.0,0.0,1,Clear,sky is clear,2012-10-08 21:00:00,2030.0,21,0,False,False,Low,6.2000000000000455,Medium,Low,0
,278.9,0.0,0.0,1,Clear,sky is clear,2012-10-08 22:00:00,1400.0,22,0,False,False,Low,5.75,Medium,Low,0
,278.46,0.0,0.0,1,Clear,sky is clear,2012-10-08 23:00:00,917.0,23,0,False,False,Low,5.310000000000002,Medium,Low,0
,277.78,0.0,0.0,1,Clear,sky is clear,2012-10-09 00:00:00,515.0,0,1,False,False,Low,4.6299999999999955,High,Low,0
,277.27,0.0,0.0,1,Clear,sky is clear,2012-10-09 01:00:00,302.0,1,1,False,False,Low,4.1200000000000045,High,Low,0
,277.47,0.0,0.0,1,Clear,sky is clear,2012-10-09 02:00:00,251.0,2,1,False,False,Low,4.32000000000005,High,Low,0
,276.97,0.0,0.0,20,Clouds,few clouds,2012-10-09 04:00:00,798.0,4,1,False,False,Low,3.82000000000005,High,Low,0
,276.52,0.0,0.0,40,Clouds,scattered clouds,2012-10-09 05:00:00,2678.0,5,1,False,False,Medium,3.3700000000000045,High,Low,0
,276.6,0.0,0.0,40,Clouds,scattered clouds,2012-10-09 06:00:00,5733.0,6,1,False,False,High,3.4500000000000455,High,Low,0
,277.31,0.0,0.0,75,Clouds,broken clouds,2012-10-09 07:00:00,6449.0,7,1,False,True,High,4.160000000000025,High,Low,0
,278.38,0.0,0.0,90,Clouds,overcast clouds,2012-10-09 08:00:00,5765.0,8,1,False,True,High,5.230000000000018,Medium,Low,0
,279.35,0.0,0.0,90,Clouds,overcast clouds,2012-10-09 09:00:00,5599.0,9,1,False,True,High,6.2000000000000455,Medium,Low,0
,281.37,0.0,0.0,90,Clouds,overcast clouds,2012-10-09 10:00:00,4534.0,10,1,False,False,Medium,8.220000000000027,Medium,Low,0
,283.11,0.0,0.0,90,Clouds,overcast clouds,2012-10-09 11:00:00,4691.0,11,1,False,False,High,9.960000000000036,Medium,Low,0
,284.08,0.0,0.0,75,Clouds,broken clouds,2012-10-09 12:00:00,5067.0,12,1,False,False,High,10.930000000000007,Medium,Low,0
,285.14,0.0,0.0,75,Clouds,broken clouds,2012-10-09 13:00:00,5030.0,13,1,False,False,High,11.990000000000009,Medium,Low,0
,286.35,0.0,0.0,90,Clouds,overcast clouds,2012-10-09 14:00:00,5300.0,14,1,False,False,High,13.200000000000045,Medium,Low,0
,287.23,0.0,0.0,100,Rain,light rain,2012-10-09 15:00:00,5777.0,15,1,False,False,High,14.080000000000041,Medium,Low,0
,288.53,0.0,0.0,90,Clouds,overcast clouds,2012-10-09 16:00:00,6349.0,16,1,False,True,High,15.379999999999995,Low,Low,0
,290.37,0.0,0.0,90,Clouds,overcast clouds,2012-10-09 17:00:00,6127.0,17,1,False,True,High,17.220000000000027,Low,Low,0
,290.13,0.0,0.0,90,Clouds,overcast clouds,2012-10-09 18:00:00,4460.0,18,1,False,True,Medium,16.980000000000018,Low,Low,0
,288.86,0.0,0.0,75,Clouds,broken clouds,2012-10-09 19:00:00,3418.0,19,1,False,False,Medium,15.710000000000036,Low,Low,0
,287.36,0.0,0.0,90,Clouds,overcast clouds,2012-10-09 20:00:00,2775.0,20,1,False,False,Medium,14.210000000000036,Medium,Low,0
,285.11,0.0,0.0,90,Clouds,overcast clouds,2012-10-09 21:00:00,2306.0,21,1,False,False,Medium,11.960000000000036,Medium,Low,0
,283.46,0.0,0.0,90,Clouds,overcast clouds,2012-10-09 22:00:00,1846.0,22,1,False,False,Low,10.310000000000002,Medium,Low,0
,282.45,0.0,0.0,90,Clouds,overcast clouds,2012-10-09 23:00:00,947.0,23,1,False,False,Low,9.300000000000011,Medium,Low,0
,281.88,0.0,0.0,90,Clouds,overcast clouds,2012-10-10 00:00:00,494.0,0,2,False,False,Low,8.730000000000018,Medium,Low,0
,281.78,0.0,0.0,90,Clouds,overcast clouds,2012-10-10 01:00:00,332.0,1,2,False,False,Low,8.629999999999995,Medium,Low,0
,281.09,0.0,0.0,75,Clouds,broken clouds,2012-10-10 02:00:00,261.0,2,2,False,False,Low,7.939999999999998,Medium,Low,0
,281.17,0.0,0.0,90,Clouds,overcast clouds,2012-10-10 03:00:00,361.0,3,2,False,False,Low,8.020000000000039,Medium,Low,0
,281.25,0.0,0.0,92,Clear,sky is clear,2012-10-10 06:00:00,5875.0,6,2,False,False,High,8.100000000000023,Medium,Low,0
,281.25,0.0,0.0,99,Rain,light rain,2012-10-10 07:00:00,6793.0,7,2,False,True,High,8.100000000000023,Medium,Low,0
,281.25,0.0,0.0,99,Drizzle,light intensity drizzle,2012-10-10 07:00:00,6793.0,7,2,False,True,High,8.100000000000023,Medium,Low,0
,280.1,0.0,0.0,99,Rain,light rain,2012-10-10 08:00:00,6283.0,8,2,False,True,High,6.9500000000000455,Medium,Low,0
,280.1,0.0,0.0,99,Drizzle,light intensity drizzle,2012-10-10 08:00:00,6283.0,8,2,False,True,High,6.9500000000000455,Medium,Low,0
,279.61,0.0,0.0,99,Rain,light rain,2012-10-10 09:00:00,5680.0,9,2,False,True,High,6.460000000000036,Medium,Low,0
,279.61,0.0,0.0,99,Drizzle,light intensity drizzle,2012-10-10 09:00:00,5680.0,9,2,False,True,High,6.460000000000036,Medium,Low,0
,279.67,0.0,0.0,99,Clear,sky is clear,2012-10-10 10:00:00,4632.0,10,2,False,False,Medium,6.520000000000039,Medium,Low,0
,280.19,0.0,0.0,1,Clear,sky is clear,2012-10-10 11:00:00,4887.0,11,2,False,False,High,7.0400000000000205,Medium,Low,0
,282.09,0.0,0.0,75,Clouds,broken clouds,2012-10-10 12:00:00,5030.0,12,2,False,False,High,8.939999999999998,Medium,Low,0
,282.26,0.0,0.0,75,Clouds,broken clouds,2012-10-10 13:00:00,5067.0,13,2,False,False,High,9.110000000000014,Medium,Low,0
,282.05,0.0,0.0,90,Clouds,overcast clouds,2012-10-10 14:00:00,5227.0,14,2,False,False,High,8.900000000000034,Medium,Low,0
,281.59,0.0,0.0,90,Clouds,overcast clouds,2012-10-10 15:00:00,5610.0,15,2,False,False,High,8.439999999999998,Medium,Low,0
,281.23,0.0,0.0,81,Clear,sky is clear,2012-10-10 16:00:00,6286.0,16,2,False,True,High,8.080000000000041,Medium,Low,0
,282.6,0.0,0.0,81,Clear,sky is clear,2012-10-10 18:00:00,4775.0,18,2,False,True,High,9.450000000000045,Medium,Low,0
,282.6,0.0,0.0,81,Clear,sky is clear,2012-10-10 19:00:00,3340.0,19,2,False,False,Medium,9.450000000000045,Medium,Low,0
,282.6,0.0,0.0,81,Clear,sky is clear,2012-10-10 20:00:00,3013.0,20,2,False,False,Medium,9.450000000000045,Medium,Low,0
,282.6,0.0,0.0,81,Clear,sky is clear,2012-10-10 21:00:00,2603.0,21,2,False,False,Medium,9.450000000000045,Medium,Low,0
,282.6,0.0,0.0,81,Clear,sky is clear,2012-10-10 22:00:00,1910.0,22,2,False,False,Low,9.450000000000045,Medium,Low,0
,282.6,0.0,0.0,81,Clear,sky is clear,2012-10-10 23:00:00,1037.0,23,2,False,False,Low,9.450000000000045,Medium,Low,0
,273.9,0.0,0.0,1,Clear,sky is clear,2012-10-11 01:00:00,347.0,1,3,False,False,Low,0.75,High,Low,0
,274.4,0.0,0.0,75,Clouds,broken clouds,2012-10-11 03:00:00,350.0,3,3,False,False,Low,1.25,High,Low,0
,274.05,0.0,0.0,75,Clouds,broken clouds,2012-10-11 04:00:00,850.0,4,3,False,False,Low,0.9000000000000341,High,Low,0
,273.71,0.0,0.0,40,Clouds,scattered clouds,2012-10-11 05:00:00,2791.0,5,3,False,False,Medium,0.5600000000000023,High,Low,0
,272.66,0.0,0.0,1,Clear,sky is clear,2012-10-11 06:00:00,5809.0,6,3,False,False,High,-0.48999999999995225,High,Low,0
,272.65,0.0,0.0,1,Clear,sky is clear,2012-10-11 07:00:00,6798.0,7,3,False,True,High,-0.5,High,Low,0
,272.52,0.0,0.0,1,Clear,sky is clear,2012-10-11 08:00:00,6304.0,8,3,False,True,High,-0.6299999999999955,High,Low,0
,275.19,0.0,0.0,20,Clouds,few clouds,2012-10-11 09:00:00,5291.0,9,3,False,True,High,2.0400000000000205,High,Low,0
,275.34,0.0,0.0,1,Clear,sky is clear,2012-10-11 10:00:00,4638.0,10,3,False,False,Medium,2.1899999999999977,High,Low,0
,284.1,0.0,0.0,50,Clear,sky is clear,2012-10-11 14:00:00,5557.0,14,3,False,False,High,10.950000000000045,Medium,Low,0
,284.1,0.0,0.0,50,Clear,sky is clear,2012-10-11 15:00:00,5818.0,15,3,False,False,High,10.950000000000045,Medium,Low,0
,283.78,0.0,0.0,75,Clouds,broken clouds,2012-10-11 16:00:00,6272.0,16,3,False,True,High,10.629999999999995,Medium,Low,0
,283.52,0.0,0.0,75,Clouds,broken clouds,2012-10-11 17:00:00,5944.0,17,3,False,True,High,10.370000000000005,Medium,Low,0
,283.32,0.0,0.0,90,Clouds,overcast clouds,2012-10-11 18:00:00,4949.0,18,3,False,True,High,10.170000000000016,Medium,Low,0
,282.06,0.0,0.0,90,Clouds,overcast clouds,2012-10-11 19:00:00,3511.0,19,3,False,False,Medium,8.910000000000025,Medium,Low,0
,281.95,0.0,0.0,90,Clouds,overcast clouds,2012-10-11 20:00:00,3039.0,20,3,False,False,Medium,8.800000000000011,Medium,Low,0
,281.81,0.0,0.0,90,Clouds,overcast clouds,2012-10-11 21:00:00,2679.0,21,3,False,False,Medium,8.660000000000025,Medium,Low,0
,282.16,0.0,0.0,90,Clouds,overcast clouds,2012-10-11 22:00:00,2094.0,22,3,False,False,Low,9.010000000000048,Medium,Low,0
,282.53,0.0,0.0,90,Clouds,overcast clouds,2012-10-11 23:00:00,1284.0,23,3,False,False,Low,9.379999999999995,Medium,Low,0
,283.91,0.0,0.0,90,Clouds,overcast clouds,2012-10-12 00:00:00,630.0,0,4,False,False,Low,10.760000000000048,Medium,Low,0
,284.64,0.0,0.0,90,Clouds,overcast clouds,2012-10-12 01:00:00,410.0,1,4,False,False,Low,11.490000000000009,Medium,Low,0
,284.61,0.0,0.0,90,Clouds,overcast clouds,2012-10-12 02:00:00,331.0,2,4,False,False,Low,11.460000000000036,Medium,Low,0
,283.18,0.0,0.0,72,Drizzle,light intensity drizzle,2012-10-12 03:00:00,372.0,3,4,False,False,Low,10.03000000000003,Medium,Low,0
,282.26,0.0,0.0,72,Rain,light rain,2012-10-12 04:00:00,739.0,4,4,False,False,Low,9.110000000000014,Medium,Low,0
,280.77,0.0,0.0,72,Drizzle,light intensity drizzle,2012-10-12 05:00:00,2561.0,5,4,False,False,Medium,7.6200000000000045,Medium,Low,0
,278.53,0.0,0.0,75,Clouds,broken clouds,2012-10-12 06:00:00,5586.0,6,4,False,False,High,5.3799999999999955,Medium,Low,0
,277.64,0.0,0.0,75,Clouds,broken clouds,2012-10-12 07:00:00,6992.0,7,4,False,True,High,4.490000000000009,High,Low,0
,277.9,0.0,0.0,90,Clouds,overcast clouds,2012-10-12 08:00:00,5860.0,8,4,False,True,High,4.75,High,Low,0
,278.18,0.0,0.0,90,Clouds,overcast clouds,2012-10-12 09:00:00,5230.0,9,4,False,True,High,5.03000000000003,Medium,Low,0
,279.29,0.0,0.0,75,Clouds,broken clouds,2012-10-12 10:00:00,4864.0,10,4,False,False,High,6.140000000000043,Medium,Low,0
,280.45,0.0,0.0,75,Clouds,broken clouds,2012-10-12 11:00:00,5146.0,11,4,False,False,High,7.300000000000011,Medium,Low,0
,280.95,0.0,0.0,40,Clouds,scattered clouds,2012-10-12 12:00:00,5526.0,12,4,False,False,High,7.800000000000011,Medium,Low,0
,281.74,0.0,0.0,40,Clouds,scattered clouds,2012-10-12 13:00:00,5383.0,13,4,False,False,High,8.590000000000032,Medium,Low,0
,281.84,0.0,0.0,75,Clouds,broken clouds,2012-10-12 14:00:00,5758.0,14,4,False,False,High,8.689999999999998,Medium,Low,0
,282.45,0.0,0.0,75,Clouds,broken clouds,2012-10-12 15:00:00,5889.0,15,4,False,False,High,9.300000000000011,Medium,Low,0
,282.2,0.0,0.0,75,Clouds,broken clouds,2012-10-12 16:00:00,6057.0,16,4,False,True,High,9.050000000000011,Medium,Low,0
,281.54,0.0,0.0,40,Clouds,scattered clouds,2012-10-12 17:00:00,6028.0,17,4,False,True,High,8.390000000000043,Medium,Low,0
,280.21,0.0,0.0,20,Clouds,few clouds,2012-10-12 18:00:00,5257.0,18,4,False,True,High,7.060000000000002,Medium,Low,0
,282.2,0.0,0.0,56,Clear,sky is clear,2012-10-12 23:00:00,1897.0,23,4,False,False,Low,9.050000000000011,Medium,Low,0
,272.58,0.0,0.0,1,Clear,sky is clear,2012-10-13 00:00:00,1335.0,0,5,True,False,Low,-0.5699999999999932,High,Low,0
,272.06,0.0,0.0,1,Clear,sky is clear,2012-10-13 01:00:00,769.0,1,5,True,False,Low,-1.089999999999975,High,Low,0
,270.99,0.0,0.0,1,Clear,sky is clear,2012-10-13 02:00:00,570.0,2,5,True,False,Low,-2.159999999999968,High,Low,0
,270.29,0.0,0.0,20,Clouds,few clouds,2012-10-13 03:00:00,413.0,3,5,True,False,Low,-2.859999999999957,High,Low,0
,269.48,0.0,0.0,1,Clear,sky is clear,2012-10-13 04:00:00,399.0,4,5,True,False,Low,-3.669999999999959,High,Low,0
,269.27,0.0,0.0,1,Clear,sky is clear,2012-10-13 05:00:00,740.0,5,5,True,False,Low,-3.8799999999999955,High,Low,0
,268.91,0.0,0.0,1,Clear,sky is clear,2012-10-13 06:00:00,1420.0,6,5,True,False,Low,-4.239999999999952,High,Low,0
,268.98,0.0,0.0,75,Clouds,broken clouds,2012-10-13 07:00:00,2220.0,7,5,True,False,Medium,-4.169999999999959,High,Low,0
,269.23,0.0,0.0,40,Clouds,scattered clouds,2012-10-13 08:00:00,3479.0,8,5,True,False,Medium,-3.919999999999959,High,Low,0
,272.61,0.0,0.0,40,Clouds,scattered clouds,2012-10-13 09:00:00,4546.0,9,5,True,False,Medium,-0.5399999999999636,High,Low,0
,276.78,0.0,0.0,20,Clouds,few clouds,2012-10-13 10:00:00,4579.0,10,5,True,False,Medium,3.6299999999999955,High,Low,0
,279.22,0.0,0.0,1,Clear,sky is clear,2012-10-13 11:00:00,4438.0,11,5,True,False,Medium,6.07000000000005,Medium,Low,0
,280.35,0.0,0.0,1,Clear,sky is clear,2012-10-13 12:00:00,4623.0,12,5,True,False,Medium,7.2000000000000455,Medium,Low,0
,281.81,0.0,0.0,1,Clear,sky is clear,2012-10-13 13:00:00,4440.0,13,5,True,False,Medium,8.660000000000025,Medium,Low,0
,283.05,0.0,0.0,1,Clear,sky is clear,2012-10-13 14:00:00,4495.0,14,5,True,False,Medium,9.900000000000034,Medium,Low,0
,283.96,0.0,0.0,1,Clear,sky is clear,2012-10-13 15:00:00,4483.0,15,5,True,False,Medium,10.810000000000002,Medium,Low,0
,284.53,0.0,0.0,1,Clear,sky is clear,2012-10-13 16:00:00,4591.0,16,5,True,False,Medium,11.379999999999995,Medium,Low,0
,284.44,0.0,0.0,1,Clear,sky is clear,2012-10-13 17:00:00,4477.0,17,5,True,False,Medium,11.29000000000002,Medium,Low,0
,283.64,0.0,0.0,1,Clear,sky is clear,2012-10-13 18:00:00,4221.0,18,5,True,False,Medium,10.490000000000009,Medium,Low,0
,281.85,0.0,0.0,20,Clouds,few clouds,2012-10-13 19:00:00,3672.0,19,5,True,False,Medium,8.700000000000045,Medium,Low,0
,281.38,0.0,0.0,1,Clear,sky is clear,2012-10-13 20:00:00,3015.0,20,5,True,False,Medium,8.230000000000018,Medium,Low,0
,281.84,0.0,0.0,75,Clouds,broken clouds,2012-10-13 21:00:00,2769.0,21,5,True,False,Medium,8.689999999999998,Medium,Low,0
,282.23,0.0,0.0,90,Clouds,overcast clouds,2012-10-13 22:00:00,2875.0,22,5,True,False,Medium,9.080000000000041,Medium,Low,0
,282.18,0.0,0.0,90,Clouds,overcast clouds,2012-10-13 23:00:00,1931.0,23,5,True,False,Low,9.03000000000003,Medium,Low,0
,282.49,0.0,0.0,90,Clouds,overcast clouds,2012-10-14 00:00:00,1309.0,0,6,True,False,Low,9.340000000000032,Medium,Low,0
,282.54,0.0,0.0,90,Clouds,overcast clouds,2012-10-14 01:00:00,870.0,1,6,True,False,Low,9.390000000000043,Medium,Low,0
,282.58,0.0,0.0,90,Clouds,overcast clouds,2012-10-14 02:00:00,654.0,2,6,True,False,Low,9.430000000000007,Medium,Low,0
,282.23,0.0,0.0,90,Clouds,overcast clouds,2012-10-14 03:00:00,364.0,3,6,True,False,Low,9.080000000000041,Medium,Low,0
,282.08,0.0,0.0,90,Clouds,overcast clouds,2012-10-14 04:00:00,262.0,4,6,True,False,Low,8.930000000000007,Medium,Low,0
,282.23,0.0,0.0,90,Clouds,overcast clouds,2012-10-14 05:00:00,505.0,5,6,True,False,Low,9.080000000000041,Medium,Low,0
,282.24,0.0,0.0,90,Clouds,overcast clouds,2012-10-14 06:00:00,861.0,6,6,True,False,Low,9.090000000000032,Medium,Low,0
,282.24,0.0,0.0,90,Clouds,overcast clouds,2012-10-14 07:00:00,1132.0,7,6,True,False,Low,9.090000000000032,Medium,Low,0
,282.24,0.0,0.0,57,Mist,mist,2012-10-14 08:00:00,1797.0,8,6,True,False,Low,9.090000000000032,Medium,Low,0
,282.43,0.0,0.0,57,Drizzle,light intensity drizzle,2012-10-14 09:00:00,2685.0,9,6,True,False,Medium,9.28000000000003,Medium,Low,0
,282.43,0.0,0.0,57,Mist,mist,2012-10-14 09:00:00,2685.0,9,6,True,False,Medium,9.28000000000003,Medium,Low,0
,282.43,0.0,0.0,57,Haze,haze,2012-10-14 09:00:00,2685.0,9,6,True,False,Medium,9.28000000000003,Medium,Low,0
,282.33,0.0,0.0,57,Drizzle,light intensity drizzle,2012-10-14 10:00:00,3370.0,10,6,True,False,Medium,9.180000000000007,Medium,Low,0
,282.33,0.0,0.0,57,Mist,mist,2012-10-14 10:00:00,3370.0,10,6,True,False,Medium,9.180000000000007,Medium,Low,0
,282.82,0.0,0.0,57,Drizzle,light intensity drizzle,2012-10-14 11:00:00,3662.0,11,6,True,False,Medium,9.670000000000016,Medium,Low,0
,282.82,0.0,0.0,57,Mist,mist,2012-10-14 11:00:00,3662.0,11,6,True,False,Medium,9.670000000000016,Medium,Low,0
,283.33,0.0,0.0,57,Mist,mist,2012-10-14 12:00:00,4076.0,12,6,True,False,Medium,10.180000000000007,Medium,Low,0
,283.33,0.0,0.0,57,Rain,light rain,2012-10-14 12:00:00,4076.0,12,6,True,False,Medium,10.180000000000007,Medium,Low,0
,283.33,0.0,0.0,57,Drizzle,light intensity drizzle,2012-10-14 12:00:00,4076.0,12,6,True,False,Medium,10.180000000000007,Medium,Low,0
,283.75,0.0,0.0,93,Rain,light rain,2012-10-14 13:00:00,4128.0,13,6,True,False,Medium,10.600000000000023,Medium,Low,0
,283.75,0.0,0.0,93,Mist,mist,2012-10-14 13:00:00,4128.0,13,6,True,False,Medium,10.600000000000023,Medium,Low,0
,283.75,0.0,0.0,93,Drizzle,light intensity drizzle,2012-10-14 13:00:00,4128.0,13,6,True,False,Medium,10.600000000000023,Medium,Low,0
,284.09,0.0,0.0,93,Mist,mist,2012-10-14 14:00:00,4358.0,14,6,True,False,Medium,10.939999999999998,Medium,Low,0
,284.09,0.0,0.0,93,Rain,light rain,2012-10-14 14:00:00,4358.0,14,6,True,False,Medium,10.939999999999998,Medium,Low,0
,284.09,0.0,0.0,93,Drizzle,light intensity drizzle,2012-10-14 14:00:00,4358.0,14,6,True,False,Medium,10.939999999999998,Medium,Low,0
,284.55,0.0,0.0,93,Mist,mist,2012-10-14 15:00:00,4342.0,15,6,True,False,Medium,11.400000000000034,Medium,Low,0
,284.55,0.0,0.0,93,Rain,light rain,2012-10-14 15:00:00,4342.0,15,6,True,False,Medium,11.400000000000034,Medium,Low,0
,284.68,0.0,0.0,93,Mist,mist,2012-10-14 16:00:00,4234.0,16,6,True,False,Medium,11.53000000000003,Medium,Low,0
,284.64,0.0,0.0,93,Rain,light rain,2012-10-14 17:00:00,4271.0,17,6,True,False,Medium,11.490000000000009,Medium,Low,0
,284.64,0.0,0.0,93,Mist,mist,2012-10-14 17:00:00,4271.0,17,6,True,False,Medium,11.490000000000009,Medium,Low,0
,284.4,0.0,0.0,93,Mist,mist,2012-10-14 18:00:00,4080.0,18,6,True,False,Medium,11.25,Medium,Low,0
,284.17,0.0,0.0,93,Mist,mist,2012-10-14 19:00:00,3453.0,19,6,True,False,Medium,11.020000000000039,Medium,Low,0
,284.03,0.0,0.0,93,Mist,mist,2012-10-14 20:00:00,2718.0,20,6,True,False,Medium,10.879999999999995,Medium,Low,0
,283.58,0.0,0.0,93,Mist,mist,2012-10-14 21:00:00,2439.0,21,6,True,False,Medium,10.430000000000007,Medium,Low,0
,283.04,0.0,0.0,93,Mist,mist,2012-10-14 22:00:00,1819.0,22,6,True,False,Low,9.890000000000043,Medium,Low,0
,281.95,0.0,0.0,93,Mist,mist,2012-10-14 23:00:00,1002.0,23,6,True,False,Low,8.800000000000011,Medium,Low,0
,281.95,0.0,0.0,93,Fog,fog,2012-10-14 23:00:00,1002.0,23,6,True,False,Low,8.800000000000011,Medium,Low,0
,281.61,0.0,0.0,93,Mist,mist,2012-10-15 00:00:00,542.0,0,0,False,False,Low,8.460000000000036,Medium,Low,0
,281.61,0.0,0.0,93,Fog,fog,2012-10-15 00:00:00,542.0,0,0,False,False,Low,8.460000000000036,Medium,Low,0
,281.57,0.0,0.0,85,Fog,fog,2012-10-15 01:00:00,303.0,1,0,False,False,Low,8.420000000000016,Medium,Low,0
,281.42,0.0,0.0,85,Fog,fog,2012-10-15 02:00:00,239.0,2,0,False,False,Low,8.270000000000039,Medium,Low,0
,281.29,0.0,0.0,85,Mist,mist,2012-10-15 03:00:00,335.0,3,0,False,False,Low,8.140000000000043,Medium,Low,0
,281.29,0.0,0.0,85,Fog,fog,2012-10-15 03:00:00,335.0,3,0,False,False,Low,8.140000000000043,Medium,Low,0
,281.02,0.0,0.0,85,Mist,mist,2012-10-15 04:00:00,810.0,4,0,False,False,Low,7.8700000000000045,Medium,Low,0
,281.02,0.0,0.0,85,Fog,fog,2012-10-15 04:00:00,810.0,4,0,False,False,Low,7.8700000000000045,Medium,Low,0
,280.82,0.0,0.0,85,Mist,mist,2012-10-15 05:00:00,2606.0,5,0,False,False,Medium,7.670000000000016,Medium,Low,0
,280.82,0.0,0.0,85,Fog,fog,2012-10-15 05:00:00,2606.0,5,0,False,False,Medium,7.670000000000016,Medium,Low,0
,280.39,0.0,0.0,85,Mist,mist,2012-10-15 06:00:00,5714.0,6,0,False,False,High,7.240000000000009,Medium,Low,0
,280.19,0.0,0.0,100,Mist,mist,2012-10-15 07:00:00,6798.0,7,0,False,True,High,7.0400000000000205,Medium,Low,0
,279.82,0.0,0.0,100,Mist,mist,2012-10-15 08:00:00,6114.0,8,0,False,True,High,6.670000000000016,Medium,Low,0
,279.75,0.0,0.0,100,Mist,mist,2012-10-15 09:00:00,5094.0,9,0,False,True,High,6.600000000000023,Medium,Low,0
,280.07,0.0,0.0,100,Mist,mist,2012-10-15 10:00:00,4473.0,10,0,False,False,Medium,6.920000000000016,Medium,Low,0
,280.32,0.0,0.0,90,Clouds,overcast clouds,2012-10-15 11:00:00,4529.0,11,0,False,False,Medium,7.170000000000016,Medium,Low,0
,281.72,0.0,0.0,100,Clear,sky is clear,2012-10-15 12:00:00,4823.0,12,0,False,False,High,8.57000000000005,Medium,Low,0
,284.01,0.0,0.0,40,Clouds,scattered clouds,2012-10-15 13:00:00,4872.0,13,0,False,False,High,10.860000000000014,Medium,Low,0
,285.88,0.0,0.0,1,Clear,sky is clear,2012-10-15 14:00:00,5238.0,14,0,False,False,High,12.730000000000018,Medium,Low,0
,286.87,0.0,0.0,1,Clear,sky is clear,2012-10-15 15:00:00,5584.0,15,0,False,False,High,13.720000000000027,Medium,Low,0
,287.6,0.0,0.0,20,Clouds,few clouds,2012-10-15 16:00:00,6246.0,16,0,False,True,High,14.450000000000045,Medium,Low,0
,287.27,0.0,0.0,20,Clouds,few clouds,2012-10-15 17:00:00,5957.0,17,0,False,True,High,14.120000000000005,Medium,Low,0
,286.18,0.0,0.0,20,Clouds,few clouds,2012-10-15 18:00:00,4535.0,18,0,False,True,Medium,13.03000000000003,Medium,Low,0
,285.2,0.0,0.0,75,Clouds,broken clouds,2012-10-15 19:00:00,3234.0,19,0,False,False,Medium,12.050000000000011,Medium,Low,0
,284.68,0.0,0.0,75,Clouds,broken clouds,2012-10-15 20:00:00,2677.0,20,0,False,False,Medium,11.53000000000003,Medium,Low,0
,284.49,0.0,0.0,90,Clouds,overcast clouds,2012-10-15 21:00:00,2077.0,21,0,False,False,Low,11.340000000000032,Medium,Low,0
,283.54,0.0,0.0,20,Clouds,few clouds,2012-10-15 22:00:00,1380.0,22,0,False,False,Low,10.390000000000043,Medium,Low,0
,282.33,0.0,0.0,75,Clouds,broken clouds,2012-10-15 23:00:00,927.0,23,0,False,False,Low,9.180000000000007,Medium,Low,0
,281.21,0.0,0.0,20,Clouds,few clouds,2012-10-16 00:00:00,500.0,0,1,False,False,Low,8.060000000000002,Medium,Low,0
,279.87,0.0,0.0,1,Clear,sky is clear,2012-10-16 01:00:00,324.0,1,1,False,False,Low,6.720000000000027,Medium,Low,0
,278.93,0.0,0.0,1,Clear,sky is clear,2012-10-16 02:00:00,257.0,2,1,False,False,Low,5.78000000000003,Medium,Low,0
,277.91,0.0,0.0,1,Clear,sky is clear,2012-10-16 03:00:00,354.0,3,1,False,False,Low,4.760000000000048,High,Low,0
,277.21,0.0,0.0,1,Clear,sky is clear,2012-10-16 04:00:00,769.0,4,1,False,False,Low,4.060000000000002,High,Low,0
,276.61,0.0,0.0,1,Clear,sky is clear,2012-10-16 05:00:00,2769.0,5,1,False,False,Medium,3.4600000000000364,High,Low,0
,276.11,0.0,0.0,1,Clear,sky is clear,2012-10-16 06:00:00,5789.0,6,1,False,False,High,2.9600000000000364,High,Low,0
,274.81,0.0,0.0,20,Clouds,few clouds,2012-10-16 07:00:00,7055.0,7,1,False,True,High,1.660000000000025,High,Low,0
,274.99,0.0,0.0,20,Clouds,few clouds,2012-10-16 08:00:00,6408.0,8,1,False,True,High,1.8400000000000318,High,Low,0
,277.91,0.0,0.0,20,Clouds,few clouds,2012-10-16 09:00:00,5254.0,9,1,False,True,High,4.760000000000048,High,Low,0
,280.71,0.0,0.0,20,Clouds,few clouds,2012-10-16 10:00:00,4547.0,10,1,False,False,Medium,7.560000000000002,Medium,Low,0
,283.85,0.0,0.0,20,Clouds,few clouds,2012-10-16 11:00:00,4784.0,11,1,False,False,High,10.700000000000045,Medium,Low,0
,286.01,0.0,0.0,40,Clouds,scattered clouds,2012-10-16 12:00:00,5015.0,12,1,False,False,High,12.860000000000014,Medium,Low,0
,286.31,0.0,0.0,1,Clear,sky is clear,2012-10-16 13:00:00,5057.0,13,1,False,False,High,13.160000000000025,Medium,Low,0
,288.15,0.0,0.0,75,Clouds,broken clouds,2012-10-16 14:00:00,5430.0,14,1,False,False,High,15.0,Low,Low,0
,289.15,0.0,0.0,75,Clouds,broken clouds,2012-10-16 15:00:00,5813.0,15,1,False,False,High,16.0,Low,Low,0
,288.99,0.0,0.0,75,Clouds,broken clouds,2012-10-16 16:00:00,6496.0,16,1,False,True,High,15.840000000000032,Low,Low,0
,288.86,0.0,0.0,75,Clouds,broken clouds,2012-10-16 17:00:00,6429.0,17,1,False,True,High,15.710000000000036,Low,Low,0
,288.16,0.0,0.0,90,Clouds,overcast clouds,2012-10-16 18:00:00,5142.0,18,1,False,True,High,15.010000000000048,Low,Low,0
,287.28,0.0,0.0,68,Rain,light rain,2012-10-16 19:00:00,3311.0,19,1,False,False,Medium,14.129999999999995,Medium,Low,0
,287.04,0.0,0.0,90,Clouds,overcast clouds,2012-10-16 20:00:00,2777.0,20,1,False,False,Medium,13.890000000000043,Medium,Low,0
,286.9,0.0,0.0,90,Clouds,overcast clouds,2012-10-16 21:00:00,2331.0,21,1,False,False,Medium,13.75,Medium,Low,0
,287.09,0.0,0.0,90,Clouds,overcast clouds,2012-10-16 22:00:00,1767.0,22,1,False,False,Low,13.939999999999998,Medium,Low,0
,287.09,0.0,0.0,90,Clouds,overcast clouds,2012-10-16 23:00:00,1093.0,23,1,False,False,Low,13.939999999999998,Medium,Low,0
,286.89,0.0,0.0,75,Clouds,broken clouds,2012-10-17 00:00:00,554.0,0,2,False,False,Low,13.740000000000009,Medium,Low,0
,286.93,0.0,0.0,75,Clouds,broken clouds,2012-10-17 01:00:00,333.0,1,2,False,False,Low,13.78000000000003,Medium,Low,0
,286.93,0.0,0.0,90,Clouds,overcast clouds,2012-10-17 02:00:00,267.0,2,2,False,False,Low,13.78000000000003,Medium,Low,0
,287.07,0.0,0.0,90,Clouds,overcast clouds,2012-10-17 03:00:00,358.0,3,2,False,False,Low,13.920000000000016,Medium,Low,0
,286.56,0.0,0.0,75,Clouds,broken clouds,2012-10-17 04:00:00,777.0,4,2,False,False,Low,13.410000000000025,Medium,Low,0
,285.91,0.0,0.0,90,Clouds,overcast clouds,2012-10-17 05:00:00,2732.0,5,2,False,False,Medium,12.760000000000048,Medium,Low,0
,285.29,0.0,0.0,90,Clouds,overcast clouds,2012-10-17 06:00:00,5637.0,6,2,False,False,High,12.140000000000043,Medium,Low,0
,284.92,0.0,0.0,75,Clouds,broken clouds,2012-10-17 07:00:00,5564.0,7,2,False,True,High,11.770000000000039,Medium,Low,0
,285.35,0.0,0.0,75,Clouds,broken clouds,2012-10-17 08:00:00,6274.0,8,2,False,True,High,12.200000000000045,Medium,Low,0
,285.72,0.0,0.0,100,Rain,proximity shower rain,2012-10-17 09:00:00,5403.0,9,2,False,True,High,12.57000000000005,Medium,Low,0
,285.72,0.0,0.0,100,Rain,light rain,2012-10-17 09:00:00,5403.0,9,2,False,True,High,12.57000000000005,Medium,Low,0
,287.09,0.0,0.0,75,Clouds,broken clouds,2012-10-17 10:00:00,4680.0,10,2,False,False,High,13.939999999999998,Medium,Low,0
,288.31,0.0,0.0,75,Clouds,broken clouds,2012-10-17 11:00:00,4642.0,11,2,False,False,Medium,15.160000000000025,Low,Low,0
,288.61,0.0,0.0,1,Clear,sky is clear,2012-10-17 12:00:00,4979.0,12,2,False,False,High,15.460000000000036,Low,Low,0
,290.32,0.0,0.0,1,Clear,sky is clear,2012-10-17 13:00:00,4851.0,13,2,False,False,High,17.170000000000016,Low,Low,0
,291.36,0.0,0.0,1,Clear,sky is clear,2012-10-17 14:00:00,4291.0,14,2,False,False,Medium,18.210000000000036,Low,Low,0
,292.01,0.0,0.0,1,Clear,sky is clear,2012-10-17 15:00:00,4714.0,15,2,False,False,High,18.860000000000014,Low,Low,0
,292.61,0.0,0.0,1,Clear,sky is clear,2012-10-17 16:00:00,6723.0,16,2,False,True,High,19.460000000000036,Low,Low,0
,292.65,0.0,0.0,1,Clear,sky is clear,2012-10-17 17:00:00,6180.0,17,2,False,True,High,19.5,Low,Low,0
,290.52,0.0,0.0,40,Clouds,scattered clouds,2012-10-17 18:00:00,4843.0,18,2,False,True,High,17.370000000000005,Low,Low,0
,288.35,0.0,0.0,40,Clouds,scattered clouds,2012-10-17 19:00:00,3435.0,19,2,False,False,Medium,15.200000000000045,Low,Low,0
,286.72,0.0,0.0,40,Clouds,scattered clouds,2012-10-17 20:00:00,2921.0,20,2,False,False,Medium,13.57000000000005,Medium,Low,0
,285.49,0.0,0.0,40,Clouds,scattered clouds,2012-10-17 21:00:00,2763.0,21,2,False,False,Medium,12.340000000000032,Medium,Low,0
,284.22,0.0,0.0,20,Clouds,few clouds,2012-10-17 22:00:00,1930.0,22,2,False,False,Low,11.07000000000005,Medium,Low,0
,283.8,0.0,0.0,20,Clouds,few clouds,2012-10-17 23:00:00,1160.0,23,2,False,False,Low,10.650000000000034,Medium,Low,0
,283.72,0.0,0.0,20,Clouds,few clouds,2012-10-18 00:00:00,654.0,0,3,False,False,Low,10.57000000000005,Medium,Low,0
,282.8,0.0,0.0,40,Clouds,scattered clouds,2012-10-18 01:00:00,374.0,1,3,False,False,Low,9.650000000000034,Medium,Low,0
,282.32,0.0,0.0,99,Mist,mist,2012-10-18 02:00:00,301.0,2,3,False,False,Low,9.170000000000016,Medium,Low,0
,282.38,0.0,0.0,99,Mist,mist,2012-10-18 03:00:00,397.0,3,3,False,False,Low,9.230000000000018,Medium,Low,0
,282.76,0.0,0.0,90,Clouds,overcast clouds,2012-10-18 04:00:00,794.0,4,3,False,False,Low,9.610000000000014,Medium,Low,0
,282.88,0.0,0.0,99,Mist,mist,2012-10-18 05:00:00,2564.0,5,3,False,False,Medium,9.730000000000018,Medium,Low,0
,284.18,0.0,0.0,75,Clouds,broken clouds,2012-10-18 06:00:00,5358.0,6,3,False,False,High,11.03000000000003,Medium,Low,0
,284.69,0.0,0.0,90,Clouds,overcast clouds,2012-10-18 07:00:00,6441.0,7,3,False,True,High,11.54000000000002,Medium,Low,0
,285.0,0.0,0.0,90,Clouds,overcast clouds,2012-10-18 08:00:00,5536.0,8,3,False,True,High,11.850000000000023,Medium,Low,0
,286.9,0.0,0.0,99,Rain,light rain,2012-10-18 09:00:00,5256.0,9,3,False,True,High,13.75,Medium,Low,0
,288.35,0.0,0.0,90,Clouds,overcast clouds,2012-10-18 10:00:00,4619.0,10,3,False,False,Medium,15.200000000000045,Low,Low,0
,289.59,0.0,0.0,90,Clouds,overcast clouds,2012-10-18 11:00:00,5107.0,11,3,False,False,High,16.439999999999998,Low,Low,0
,288.27,0.0,0.0,99,Rain,light rain,2012-10-18 12:00:00,5147.0,12,3,False,False,High,15.120000000000005,Low,Low,0
,286.41,0.0,0.0,90,Clouds,overcast clouds,2012-10-18 13:00:00,5283.0,13,3,False,False,High,13.260000000000048,Medium,Low,0
,285.96,0.0,0.0,90,Clouds,overcast clouds,2012-10-18 14:00:00,5704.0,14,3,False,False,High,12.810000000000002,Medium,Low,0
,287.04,0.0,0.0,90,Clouds,overcast clouds,2012-10-18 15:00:00,5887.0,15,3,False,False,High,13.890000000000043,Medium,Low,0
,287.18,0.0,0.0,90,Clouds,overcast clouds,2012-10-18 16:00:00,6307.0,16,3,False,True,High,14.03000000000003,Medium,Low,0
,286.94,0.0,0.0,90,Clouds,overcast clouds,2012-10-18 17:00:00,5953.0,17,3,False,True,High,13.79000000000002,Medium,Low,0
,286.01,0.0,0.0,90,Clouds,overcast clouds,2012-10-18 18:00:00,4519.0,18,3,False,True,Medium,12.860000000000014,Medium,Low,0
,284.67,0.0,0.0,100,Drizzle,light intensity drizzle,2012-10-18 19:00:00,3427.0,19,3,False,False,Medium,11.520000000000039,Medium,Low,0
,283.44,0.0,0.0,100,Rain,light rain,2012-10-18 20:00:00,2921.0,20,3,False,False,Medium,10.29000000000002,Medium,Low,0
,282.51,0.0,0.0,100,Drizzle,light intensity drizzle,2012-10-18 21:00:00,2649.0,21,3,False,False,Medium,9.360000000000014,Medium,Low,0
,281.9,0.0,0.0,90,Clouds,overcast clouds,2012-10-18 22:00:00,2005.0,22,3,False,False,Low,8.75,Medium,Low,0
,281.85,0.0,0.0,90,Clouds,overcast clouds,2012-10-18 23:00:00,1177.0,23,3,False,False,Low,8.700000000000045,Medium,Low,0
,281.28,0.0,0.0,90,Clouds,overcast clouds,2012-10-19 00:00:00,699.0,0,4,False,False,Low,8.129999999999995,Medium,Low,0
,280.97,0.0,0.0,87,Mist,mist,2012-10-19 01:00:00,436.0,1,4,False,False,Low,7.82000000000005,Medium,Low,0
,280.44,0.0,0.0,87,Drizzle,light intensity drizzle,2012-10-19 02:00:00,353.0,2,4,False,False,Low,7.2900000000000205,Medium,Low,0
,280.44,0.0,0.0,87,Mist,mist,2012-10-19 02:00:00,353.0,2,4,False,False,Low,7.2900000000000205,Medium,Low,0
,280.02,0.0,0.0,87,Mist,mist,2012-10-19 03:00:00,399.0,3,4,False,False,Low,6.8700000000000045,Medium,Low,0
,279.79,0.0,0.0,87,Drizzle,light intensity drizzle,2012-10-19 04:00:00,720.0,4,4,False,False,Low,6.640000000000043,Medium,Low,0
,279.79,0.0,0.0,87,Mist,mist,2012-10-19 04:00:00,720.0,4,4,False,False,Low,6.640000000000043,Medium,Low,0
,279.79,0.0,0.0,87,Rain,light rain,2012-10-19 04:00:00,720.0,4,4,False,False,Low,6.640000000000043,Medium,Low,0
,279.79,0.0,0.0,87,Drizzle,drizzle,2012-10-19 04:00:00,720.0,4,4,False,False,Low,6.640000000000043,Medium,Low,0
,279.74,0.0,0.0,87,Mist,mist,2012-10-19 05:00:00,2370.0,5,4,False,False,Medium,6.590000000000032,Medium,Low,0
,279.74,0.0,0.0,87,Rain,light rain,2012-10-19 05:00:00,2370.0,5,4,False,False,Medium,6.590000000000032,Medium,Low,0
,279.65,0.0,0.0,87,Drizzle,light intensity drizzle,2012-10-19 06:00:00,5162.0,6,4,False,False,High,6.5,Medium,Low,0
,279.65,0.0,0.0,87,Mist,mist,2012-10-19 06:00:00,5162.0,6,4,False,False,High,6.5,Medium,Low,0
,279.65,0.0,0.0,87,Rain,light rain,2012-10-19 06:00:00,5162.0,6,4,False,False,High,6.5,Medium,Low,0
,279.45,0.0,0.0,91,Mist,mist,2012-10-19 07:00:00,5777.0,7,4,False,True,High,6.300000000000011,Medium,Low,0
,279.45,0.0,0.0,91,Rain,moderate rain,2012-10-19 07:00:00,5777.0,7,4,False,True,High,6.300000000000011,Medium,Low,0
,279.22,0.0,0.0,91,Drizzle,light intensity drizzle,2012-10-19 08:00:00,5235.0,8,4,False,True,High,6.07000000000005,Medium,Low,0
,279.22,0.0,0.0,91,Mist,mist,2012-10-19 08:00:00,5235.0,8,4,False,True,High,6.07000000000005,Medium,Low,0
,279.22,0.0,0.0,91,Rain,light rain,2012-10-19 08:00:00,5235.0,8,4,False,True,High,6.07000000000005,Medium,Low,0
,279.35,0.0,0.0,91,Rain,light rain,2012-10-19 09:00:00,4606.0,9,4,False,True,Medium,6.2000000000000455,Medium,Low,0
,279.35,0.0,0.0,91,Mist,mist,2012-10-19 09:00:00,4606.0,9,4,False,True,Medium,6.2000000000000455,Medium,Low,0
,279.92,0.0,0.0,91,Mist,mist,2012-10-19 10:00:00,4328.0,10,4,False,False,Medium,6.770000000000039,Medium,Low,0
,280.44,0.0,0.0,90,Clouds,overcast clouds,2012-10-19 11:00:00,4282.0,11,4,False,False,Medium,7.2900000000000205,Medium,Low,0
,281.0,0.0,0.0,90,Clouds,overcast clouds,2012-10-19 12:00:00,4489.0,12,4,False,False,Medium,7.850000000000023,Medium,Low,0
,281.51,0.0,0.0,90,Clouds,overcast clouds,2012-10-19 13:00:00,4908.0,13,4,False,False,High,8.360000000000014,Medium,Low,0
,281.93,0.0,0.0,92,Mist,mist,2012-10-19 14:00:00,5620.0,14,4,False,False,High,8.78000000000003,Medium,Low,0
,281.94,0.0,0.0,92,Mist,mist,2012-10-19 15:00:00,5849.0,15,4,False,False,High,8.79000000000002,Medium,Low,0
,281.94,0.0,0.0,92,Drizzle,light intensity drizzle,2012-10-19 15:00:00,5849.0,15,4,False,False,High,8.79000000000002,Medium,Low,0
,282.27,0.0,0.0,92,Rain,moderate rain,2012-10-19 16:00:00,4945.0,16,4,False,True,High,9.120000000000005,Medium,Low,0
,282.41,0.0,0.0,92,Rain,light rain,2012-10-19 17:00:00,4619.0,17,4,False,True,Medium,9.260000000000048,Medium,Low,0
,282.21,0.0,0.0,90,Clouds,overcast clouds,2012-10-19 18:00:00,4479.0,18,4,False,True,Medium,9.060000000000002,Medium,Low,0
,281.69,0.0,0.0,75,Clouds,broken clouds,2012-10-19 19:00:00,3804.0,19,4,False,False,Medium,8.54000000000002,Medium,Low,0
,281.26,0.0,0.0,90,Clouds,overcast clouds,2012-10-19 20:00:00,2908.0,20,4,False,False,Medium,8.110000000000014,Medium,Low,0
,280.66,0.0,0.0,92,Mist,mist,2012-10-19 21:00:00,2942.0,21,4,False,False,Medium,7.510000000000048,Medium,Low,0
,280.43,0.0,0.0,92,Drizzle,drizzle,2012-10-19 22:00:00,3077.0,22,4,False,False,Medium,7.28000000000003,Medium,Low,0
,280.43,0.0,0.0,92,Drizzle,light intensity drizzle,2012-10-19 22:00:00,3077.0,22,4,False,False,Medium,7.28000000000003,Medium,Low,0
,280.1,0.0,0.0,92,Mist,mist,2012-10-19 23:00:00,2051.0,23,4,False,False,Low,6.9500000000000455,Medium,Low,0
,280.1,0.0,0.0,92,Rain,light rain,2012-10-19 23:00:00,2051.0,23,4,False,False,Low,6.9500000000000455,Medium,Low,0
,280.1,0.0,0.0,92,Drizzle,light intensity drizzle,2012-10-19 23:00:00,2051.0,23,4,False,False,Low,6.9500000000000455,Medium,Low,0
,280.06,0.0,0.0,92,Rain,light rain,2012-10-20 00:00:00,1270.0,0,5,True,False,Low,6.910000000000025,Medium,Low,0
,280.06,0.0,0.0,92,Rain,moderate rain,2012-10-20 00:00:00,1270.0,0,5,True,False,Low,6.910000000000025,Medium,Low,0
,280.28,0.0,0.0,96,Drizzle,drizzle,2012-10-20 01:00:00,773.0,1,5,True,False,Low,7.1299999999999955,Medium,Low,0
,280.28,0.0,0.0,96,Rain,light rain,2012-10-20 01:00:00,773.0,1,5,True,False,Low,7.1299999999999955,Medium,Low,0
,280.38,0.0,0.0,96,Drizzle,light intensity drizzle,2012-10-20 02:00:00,589.0,2,5,True,False,Low,7.230000000000018,Medium,Low,0
,280.62,0.0,0.0,96,Drizzle,light intensity drizzle,2012-10-20 03:00:00,432.0,3,5,True,False,Low,7.470000000000027,Medium,Low,0
,280.62,0.0,0.0,96,Mist,mist,2012-10-20 03:00:00,432.0,3,5,True,False,Low,7.470000000000027,Medium,Low,0
,280.91,0.0,0.0,96,Mist,mist,2012-10-20 04:00:00,401.0,4,5,True,False,Low,7.760000000000048,Medium,Low,0
,280.91,0.0,0.0,96,Drizzle,drizzle,2012-10-20 04:00:00,401.0,4,5,True,False,Low,7.760000000000048,Medium,Low,0
,280.91,0.0,0.0,96,Rain,light rain,2012-10-20 04:00:00,401.0,4,5,True,False,Low,7.760000000000048,Medium,Low,0
,280.96,0.0,0.0,96,Rain,light rain,2012-10-20 05:00:00,759.0,5,5,True,False,Low,7.810000000000002,Medium,Low,0
,280.96,0.0,0.0,96,Mist,mist,2012-10-20 05:00:00,759.0,5,5,True,False,Low,7.810000000000002,Medium,Low,0
,280.96,0.0,0.0,96,Drizzle,drizzle,2012-10-20 05:00:00,759.0,5,5,True,False,Low,7.810000000000002,Medium,Low,0
,281.13,0.0,0.0,96,Rain,light rain,2012-10-20 06:00:00,1313.0,6,5,True,False,Low,7.980000000000018,Medium,Low,0
,281.13,0.0,0.0,96,Mist,mist,2012-10-20 06:00:00,1313.0,6,5,True,False,Low,7.980000000000018,Medium,Low,0
,281.13,0.0,0.0,96,Drizzle,light intensity drizzle,2012-10-20 06:00:00,1313.0,6,5,True,False,Low,7.980000000000018,Medium,Low,0
,281.28,0.0,0.0,100,Rain,light rain,2012-10-20 07:00:00,1824.0,7,5,True,False,Low,8.129999999999995,Medium,Low,0
,281.28,0.0,0.0,100,Mist,mist,2012-10-20 07:00:00,1824.0,7,5,True,False,Low,8.129999999999995,Medium,Low,0
,281.28,0.0,0.0,100,Drizzle,drizzle,2012-10-20 07:00:00,1824.0,7,5,True,False,Low,8.129999999999995,Medium,Low,0
,281.19,0.0,0.0,100,Rain,light rain,2012-10-20 08:00:00,2787.0,8,5,True,False,Medium,8.04000000000002,Medium,Low,0
,281.19,0.0,0.0,100,Mist,mist,2012-10-20 08:00:00,2787.0,8,5,True,False,Medium,8.04000000000002,Medium,Low,0
,281.19,0.0,0.0,100,Drizzle,drizzle,2012-10-20 08:00:00,2787.0,8,5,True,False,Medium,8.04000000000002,Medium,Low,0
,281.7,0.0,0.0,100,Rain,light rain,2012-10-20 09:00:00,3713.0,9,5,True,False,Medium,8.550000000000011,Medium,Low,0
,281.7,0.0,0.0,100,Drizzle,drizzle,2012-10-20 09:00:00,3713.0,9,5,True,False,Medium,8.550000000000011,Medium,Low,0
,281.7,0.0,0.0,100,Mist,mist,2012-10-20 09:00:00,3713.0,9,5,True,False,Medium,8.550000000000011,Medium,Low,0
,281.7,0.0,0.0,100,Drizzle,light intensity drizzle,2012-10-20 09:00:00,3713.0,9,5,True,False,Medium,8.550000000000011,Medium,Low,0
,282.02,0.0,0.0,100,Rain,light rain,2012-10-20 10:00:00,3815.0,10,5,True,False,Medium,8.870000000000005,Medium,Low,0
,282.02,0.0,0.0,100,Drizzle,drizzle,2012-10-20 10:00:00,3815.0,10,5,True,False,Medium,8.870000000000005,Medium,Low,0
,282.02,0.0,0.0,100,Mist,mist,2012-10-20 10:00:00,3815.0,10,5,True,False,Medium,8.870000000000005,Medium,Low,0
,282.02,0.0,0.0,100,Rain,moderate rain,2012-10-20 10:00:00,3815.0,10,5,True,False,Medium,8.870000000000005,Medium,Low,0
,282.35,0.0,0.0,100,Rain,light rain,2012-10-20 11:00:00,4339.0,11,5,True,False,Medium,9.200000000000045,Medium,Low,0
,282.35,0.0,0.0,100,Mist,mist,2012-10-20 11:00:00,4339.0,11,5,True,False,Medium,9.200000000000045,Medium,Low,0
,282.35,0.0,0.0,100,Drizzle,drizzle,2012-10-20 11:00:00,4339.0,11,5,True,False,Medium,9.200000000000045,Medium,Low,0
,282.71,0.0,0.0,100,Rain,heavy intensity rain,2012-10-20 12:00:00,4613.0,12,5,True,False,Medium,9.560000000000002,Medium,Low,0
,282.71,0.0,0.0,100,Mist,mist,2012-10-20 12:00:00,4613.0,12,5,True,False,Medium,9.560000000000002,Medium,Low,0
,282.71,0.0,0.0,100,Rain,light rain,2012-10-20 12:00:00,4613.0,12,5,True,False,Medium,9.560000000000002,Medium,Low,0
,282.71,0.0,0.0,100,Rain,moderate rain,2012-10-20 12:00:00,4613.0,12,5,True,False,Medium,9.560000000000002,Medium,Low,0
,283.31,0.0,0.0,48,Rain,light rain,2012-10-20 13:00:00,4507.0,13,5,True,False,Medium,10.160000000000025,Medium,Low,0
,283.79,0.0,0.0,90,Clouds,overcast clouds,2012-10-20 14:00:00,4452.0,14,5,True,False,Medium,10.640000000000043,Medium,Low,0
,284.2,0.0,0.0,75,Clouds,broken clouds,2012-10-20 15:00:00,4636.0,15,5,True,False,Medium,11.050000000000011,Medium,Low,0
,284.32,0.0,0.0,90,Clouds,overcast clouds,2012-10-20 16:00:00,4810.0,16,5,True,False,High,11.170000000000016,Medium,Low,0
,284.13,0.0,0.0,75,Clouds,broken clouds,2012-10-20 17:00:00,5125.0,17,5,True,False,High,10.980000000000018,Medium,Low,0
,283.14,0.0,0.0,40,Clouds,scattered clouds,2012-10-20 18:00:00,4337.0,18,5,True,False,Medium,9.990000000000009,Medium,Low,0
,281.4,0.0,0.0,40,Clouds,scattered clouds,2012-10-20 19:00:00,3644.0,19,5,True,False,Medium,8.25,Medium,Low,0
,280.47,0.0,0.0,20,Clouds,few clouds,2012-10-20 20:00:00,3107.0,20,5,True,False,Medium,7.32000000000005,Medium,Low,0
,279.52,0.0,0.0,20,Clouds,few clouds,2012-10-20 21:00:00,2929.0,21,5,True,False,Medium,6.3700000000000045,Medium,Low,0
,278.85,0.0,0.0,48,Mist,mist,2012-10-20 22:00:00,2865.0,22,5,True,False,Medium,5.7000000000000455,Medium,Low,0
,278.12,0.0,0.0,48,Fog,fog,2012-10-20 23:00:00,2340.0,23,5,True,False,Medium,4.970000000000027,High,Low,0
,277.94,0.0,0.0,48,Mist,mist,2012-10-21 00:00:00,1372.0,0,6,True,False,Low,4.7900000000000205,High,Low,0
,275.93,0.0,0.0,60,Fog,fog,2012-10-21 08:00:00,1928.0,8,6,True,False,Low,2.7800000000000296,High,Low,0
,275.93,0.0,0.0,60,Mist,mist,2012-10-21 08:00:00,1928.0,8,6,True,False,Low,2.7800000000000296,High,Low,0
,284.09,0.0,0.0,75,Clouds,broken clouds,2012-10-21 17:00:00,4695.0,17,6,True,False,High,10.939999999999998,Medium,Low,0
,282.6,0.0,0.0,75,Clouds,broken clouds,2012-10-21 18:00:00,4335.0,18,6,True,False,Medium,9.450000000000045,Medium,Low,0
,281.72,0.0,0.0,90,Clouds,overcast clouds,2012-10-21 22:00:00,1583.0,22,6,True,False,Low,8.57000000000005,Medium,Low,0
,281.26,0.0,0.0,90,Clouds,overcast clouds,2012-10-21 23:00:00,959.0,23,6,True,False,Low,8.110000000000014,Medium,Low,0
,281.29,0.0,0.0,75,Clouds,broken clouds,2012-10-22 00:00:00,498.0,0,0,False,False,Low,8.140000000000043,Medium,Low,0
,281.01,0.0,0.0,75,Clouds,broken clouds,2012-10-22 01:00:00,306.0,1,0,False,False,Low,7.860000000000014,Medium,Low,0
,280.57,0.0,0.0,40,Clouds,scattered clouds,2012-10-22 02:00:00,259.0,2,0,False,False,Low,7.420000000000016,Medium,Low,0
,280.54,0.0,0.0,75,Clouds,broken clouds,2012-10-22 03:00:00,324.0,3,0,False,False,Low,7.390000000000043,Medium,Low,0
,279.37,0.0,0.0,8,Mist,mist,2012-10-22 04:00:00,806.0,4,0,False,False,Low,6.220000000000027,Medium,Low,0
,279.18,0.0,0.0,8,Mist,mist,2012-10-22 05:00:00,2622.0,5,0,False,False,Medium,6.03000000000003,Medium,Low,0
,279.05,0.0,0.0,8,Mist,mist,2012-10-22 06:00:00,5456.0,6,0,False,False,High,5.900000000000034,Medium,Low,0
,282.7,0.0,0.0,38,Clear,sky is clear,2012-10-22 10:00:00,4324.0,10,0,False,False,Medium,9.550000000000011,Medium,Low,0
,286.17,0.0,0.0,40,Clouds,scattered clouds,2012-10-22 11:00:00,4378.0,11,0,False,False,Medium,13.020000000000039,Medium,Low,0
,288.61,0.0,0.0,75,Clouds,broken clouds,2012-10-22 12:00:00,4639.0,12,0,False,False,Medium,15.460000000000036,Low,Low,0
,290.59,0.0,0.0,20,Clouds,few clouds,2012-10-22 13:00:00,4546.0,13,0,False,False,Medium,17.439999999999998,Low,Low,0
,292.21,0.0,0.0,75,Clouds,broken clouds,2012-10-22 14:00:00,5006.0,14,0,False,False,High,19.060000000000002,Low,Low,0
,293.56,0.0,0.0,75,Clouds,broken clouds,2012-10-22 15:00:00,5361.0,15,0,False,False,High,20.410000000000025,Low,Low,0
,293.43,0.0,0.0,40,Clouds,scattered clouds,2012-10-22 16:00:00,6101.0,16,0,False,True,High,20.28000000000003,Low,Low,0
,293.4,0.0,0.0,40,Clouds,scattered clouds,2012-10-22 17:00:00,5781.0,17,0,False,True,High,20.25,Low,Low,0
,291.47,0.0,0.0,20,Clouds,few clouds,2012-10-22 18:00:00,4272.0,18,0,False,True,Medium,18.32000000000005,Low,Low,0
,289.17,0.0,0.0,20,Clouds,few clouds,2012-10-22 19:00:00,3091.0,19,0,False,False,Medium,16.02000000000004,Low,Low,0
,287.28,0.0,0.0,1,Clear,sky is clear,2012-10-22 20:00:00,2434.0,20,0,False,False,Medium,14.129999999999995,Medium,Low,0
,286.1,0.0,0.0,1,Clear,sky is clear,2012-10-22 21:00:00,1984.0,21,0,False,False,Low,12.950000000000045,Medium,Low,0
,285.45,0.0,0.0,75,Clouds,broken clouds,2012-10-22 22:00:00,1383.0,22,0,False,False,Low,12.300000000000011,Medium,Low,0
,285.33,0.0,0.0,90,Clouds,overcast clouds,2012-10-22 23:00:00,959.0,23,0,False,False,Low,12.180000000000007,Medium,Low,0
,285.07,0.0,0.0,90,Clouds,overcast clouds,2012-10-23 00:00:00,511.0,0,1,False,False,Low,11.920000000000016,Medium,Low,0
,284.58,0.0,0.0,90,Clouds,overcast clouds,2012-10-23 01:00:00,346.0,1,1,False,False,Low,11.430000000000007,Medium,Low,0
,283.88,0.0,0.0,75,Clouds,broken clouds,2012-10-23 02:00:00,253.0,2,1,False,False,Low,10.730000000000018,Medium,Low,0
,283.55,0.0,0.0,75,Clouds,broken clouds,2012-10-23 03:00:00,349.0,3,1,False,False,Low,10.400000000000034,Medium,Low,0
,282.85,0.0,0.0,20,Clouds,few clouds,2012-10-23 04:00:00,807.0,4,1,False,False,Low,9.700000000000045,Medium,Low,0
,282.42,0.0,0.0,20,Clouds,few clouds,2012-10-23 05:00:00,2669.0,5,1,False,False,Medium,9.270000000000039,Medium,Low,0
,282.13,0.0,0.0,75,Clouds,broken clouds,2012-10-23 06:00:00,5210.0,6,1,False,False,High,8.980000000000018,Medium,Low,0
,281.85,0.0,0.0,40,Clouds,scattered clouds,2012-10-23 07:00:00,6083.0,7,1,False,True,High,8.700000000000045,Medium,Low,0
,281.85,0.0,0.0,20,Clouds,few clouds,2012-10-23 08:00:00,5790.0,8,1,False,True,High,8.700000000000045,Medium,Low,0
,283.07,0.0,0.0,75,Clouds,broken clouds,2012-10-23 09:00:00,5484.0,9,1,False,True,High,9.920000000000016,Medium,Low,0
,284.53,0.0,0.0,90,Clouds,overcast clouds,2012-10-23 10:00:00,4407.0,10,1,False,False,Medium,11.379999999999995,Medium,Low,0
,285.6,0.0,0.0,75,Clouds,broken clouds,2012-10-23 11:00:00,4725.0,11,1,False,False,High,12.450000000000045,Medium,Low,0
,286.63,0.0,0.0,90,Clouds,overcast clouds,2012-10-23 12:00:00,4826.0,12,1,False,False,High,13.480000000000018,Medium,Low,0
,286.75,0.0,0.0,99,Rain,moderate rain,2012-10-23 13:00:00,4945.0,13,1,False,False,High,13.600000000000023,Medium,Low,0
,287.97,0.0,0.0,90,Clouds,overcast clouds,2012-10-23 14:00:00,5065.0,14,1,False,False,High,14.82000000000005,Medium,Low,0
,288.54,0.0,0.0,99,Thunderstorm,proximity thunderstorm,2012-10-23 15:00:00,5618.0,15,1,False,False,High,15.390000000000043,Low,Low,0
,288.72,0.0,0.0,90,Clouds,overcast clouds,2012-10-23 16:00:00,6094.0,16,1,False,True,High,15.57000000000005,Low,Low,0
,288.53,0.0,0.0,90,Clouds,overcast clouds,2012-10-23 17:00:00,5844.0,17,1,False,True,High,15.379999999999995,Low,Low,0
,288.16,0.0,0.0,90,Clouds,overcast clouds,2012-10-23 18:00:00,4649.0,18,1,False,True,Medium,15.010000000000048,Low,Low,0
,287.59,0.0,0.0,90,Clouds,overcast clouds,2012-10-23 19:00:00,3180.0,19,1,False,False,Medium,14.439999999999998,Medium,Low,0
,287.21,0.0,0.0,90,Clouds,overcast clouds,2012-10-23 20:00:00,2963.0,20,1,False,False,Medium,14.060000000000002,Medium,Low,0
,286.29,0.0,0.0,90,Clouds,overcast clouds,2012-10-23 21:00:00,2450.0,21,1,False,False,Medium,13.140000000000043,Medium,Low,0
,285.7,0.0,0.0,90,Clouds,overcast clouds,2012-10-23 22:00:00,1613.0,22,1,False,False,Low,12.550000000000011,Medium,Low,0
,285.61,0.0,0.0,90,Clouds,overcast clouds,2012-10-23 23:00:00,1021.0,23,1,False,False,Low,12.460000000000036,Medium,Low,0
,285.37,0.0,0.0,99,Drizzle,light intensity drizzle,2012-10-24 00:00:00,580.0,0,2,False,False,Low,12.220000000000027,Medium,Low,0
,285.37,0.0,0.0,99,Mist,mist,2012-10-24 00:00:00,580.0,0,2,False,False,Low,12.220000000000027,Medium,Low,0
,285.51,0.0,0.0,90,Clouds,overcast clouds,2012-10-24 01:00:00,298.0,1,2,False,False,Low,12.360000000000014,Medium,Low,0
,285.6,0.0,0.0,100,Haze,haze,2012-10-24 02:00:00,261.0,2,2,False,False,Low,12.450000000000045,Medium,Low,0
,285.99,0.0,0.0,100,Mist,mist,2012-10-24 03:00:00,408.0,3,2,False,False,Low,12.840000000000032,Medium,Low,0
,285.99,0.0,0.0,100,Haze,haze,2012-10-24 03:00:00,408.0,3,2,False,False,Low,12.840000000000032,Medium,Low,0
,285.94,0.0,0.0,100,Mist,mist,2012-10-24 04:00:00,793.0,4,2,False,False,Low,12.79000000000002,Medium,Low,0
,285.94,0.0,0.0,100,Thunderstorm,proximity thunderstorm,2012-10-24 04:00:00,793.0,4,2,False,False,Low,12.79000000000002,Medium,Low,0
,285.97,0.0,0.0,90,Mist,mist,2012-10-24 05:00:00,2643.0,5,2,False,False,Medium,12.82000000000005,Medium,Low,0
,285.97,0.0,0.0,90,Rain,light rain,2012-10-24 05:00:00,2643.0,5,2,False,False,Medium,12.82000000000005,Medium,Low,0
,285.97,0.0,0.0,90,Thunderstorm,proximity thunderstorm,2012-10-24 05:00:00,2643.0,5,2,False,False,Medium,12.82000000000005,Medium,Low,0
,285.73,0.0,0.0,90,Mist,mist,2012-10-24 06:00:00,5593.0,6,2,False,False,High,12.580000000000041,Medium,Low,0
,285.73,0.0,0.0,90,Thunderstorm,thunderstorm with light rain,2012-10-24 06:00:00,5593.0,6,2,False,False,High,12.580000000000041,Medium,Low,0
,285.73,0.0,0.0,90,Rain,moderate rain,2012-10-24 06:00:00,5593.0,6,2,False,False,High,12.580000000000041,Medium,Low,0
,285.73,0.0,0.0,90,Thunderstorm,proximity thunderstorm,2012-10-24 06:00:00,5593.0,6,2,False,False,High,12.580000000000041,Medium,Low,0
,285.5,0.0,0.0,90,Rain,light rain,2012-10-24 07:00:00,5722.0,7,2,False,True,High,12.350000000000023,Medium,Low,0
,285.5,0.0,0.0,90,Mist,mist,2012-10-24 07:00:00,5722.0,7,2,False,True,High,12.350000000000023,Medium,Low,0
,285.55,0.0,0.0,90,Drizzle,light intensity drizzle,2012-10-24 08:00:00,5607.0,8,2,False,True,High,12.400000000000034,Medium,Low,0
,285.55,0.0,0.0,90,Mist,mist,2012-10-24 08:00:00,5607.0,8,2,False,True,High,12.400000000000034,Medium,Low,0
,285.55,0.0,0.0,90,Rain,light rain,2012-10-24 08:00:00,5607.0,8,2,False,True,High,12.400000000000034,Medium,Low,0
,285.55,0.0,0.0,90,Thunderstorm,proximity thunderstorm,2012-10-24 08:00:00,5607.0,8,2,False,True,High,12.400000000000034,Medium,Low,0
,285.93,0.0,0.0,90,Drizzle,light intensity drizzle,2012-10-24 09:00:00,5492.0,9,2,False,True,High,12.78000000000003,Medium,Low,0
,285.93,0.0,0.0,90,Mist,mist,2012-10-24 09:00:00,5492.0,9,2,False,True,High,12.78000000000003,Medium,Low,0
,285.93,0.0,0.0,90,Rain,moderate rain,2012-10-24 09:00:00,5492.0,9,2,False,True,High,12.78000000000003,Medium,Low,0
,286.34,0.0,0.0,90,Mist,mist,2012-10-24 10:00:00,4542.0,10,2,False,False,Medium,13.189999999999998,Medium,Low,0
,286.82,0.0,0.0,90,Mist,mist,2012-10-24 11:00:00,4720.0,11,2,False,False,High,13.670000000000016,Medium,Low,0
,286.82,0.0,0.0,90,Fog,fog,2012-10-24 11:00:00,4720.0,11,2,False,False,High,13.670000000000016,Medium,Low,0
,288.36,0.0,0.0,90,Mist,mist,2012-10-24 12:00:00,4982.0,12,2,False,False,High,15.210000000000036,Low,Low,0
,288.36,0.0,0.0,90,Haze,haze,2012-10-24 12:00:00,4982.0,12,2,False,False,High,15.210000000000036,Low,Low,0
,288.36,0.0,0.0,90,Fog,fog,2012-10-24 12:00:00,4982.0,12,2,False,False,High,15.210000000000036,Low,Low,0
,289.08,0.0,0.0,90,Haze,haze,2012-10-24 13:00:00,5032.0,13,2,False,False,High,15.930000000000007,Low,Low,0
,289.08,0.0,0.0,90,Mist,mist,2012-10-24 13:00:00,5032.0,13,2,False,False,High,15.930000000000007,Low,Low,0
,289.08,0.0,0.0,90,Fog,fog,2012-10-24 13:00:00,5032.0,13,2,False,False,High,15.930000000000007,Low,Low,0
,289.88,0.0,0.0,90,Mist,mist,2012-10-24 14:00:00,5212.0,14,2,False,False,High,16.730000000000018,Low,Low,0
,289.88,0.0,0.0,90,Haze,haze,2012-10-24 14:00:00,5212.0,14,2,False,False,High,16.730000000000018,Low,Low,0
,290.24,0.0,0.0,90,Mist,mist,2012-10-24 15:00:00,5661.0,15,2,False,False,High,17.090000000000032,Low,Low,0
,290.24,0.0,0.0,90,Haze,haze,2012-10-24 15:00:00,5661.0,15,2,False,False,High,17.090000000000032,Low,Low,0
,290.24,0.0,0.0,90,Rain,moderate rain,2012-10-24 15:00:00,5661.0,15,2,False,False,High,17.090000000000032,Low,Low,0
,290.01,0.0,0.0,90,Mist,mist,2012-10-24 16:00:00,5812.0,16,2,False,True,High,16.860000000000014,Low,Low,0
,289.62,0.0,0.0,90,Haze,haze,2012-10-24 17:00:00,5855.0,17,2,False,True,High,16.470000000000027,Low,Low,0
,289.62,0.0,0.0,90,Mist,mist,2012-10-24 17:00:00,5855.0,17,2,False,True,High,16.470000000000027,Low,Low,0
,289.61,0.0,0.0,90,Haze,haze,2012-10-24 18:00:00,4416.0,18,2,False,True,Medium,16.460000000000036,Low,Low,0
,289.61,0.0,0.0,90,Mist,mist,2012-10-24 18:00:00,4416.0,18,2,False,True,Medium,16.460000000000036,Low,Low,0
,289.06,0.0,0.0,90,Mist,mist,2012-10-24 19:00:00,3118.0,19,2,False,False,Medium,15.910000000000025,Low,Low,0
,288.34,0.0,0.0,75,Haze,haze,2012-10-24 20:00:00,2877.0,20,2,False,False,Medium,15.189999999999998,Low,Low,0
,288.34,0.0,0.0,75,Mist,mist,2012-10-24 20:00:00,2877.0,20,2,False,False,Medium,15.189999999999998,Low,Low,0
,287.06,0.0,0.0,20,Mist,mist,2012-10-24 21:00:00,2498.0,21,2,False,False,Medium,13.910000000000025,Medium,Low,0
,287.41,0.0,0.0,75,Mist,mist,2012-10-24 22:00:00,1701.0,22,2,False,False,Low,14.260000000000048,Medium,Low,0
,287.52,0.0,0.0,90,Mist,mist,2012-10-24 23:00:00,1028.0,23,2,False,False,Low,14.370000000000005,Medium,Low,0
,287.81,0.0,0.0,90,Mist,mist,2012-10-25 00:00:00,578.0,0,3,False,False,Low,14.660000000000025,Medium,Low,0
,287.29,0.0,0.0,75,Mist,mist,2012-10-25 01:00:00,354.0,1,3,False,False,Low,14.140000000000043,Medium,Low,0
,287.23,0.0,0.0,90,Mist,mist,2012-10-25 02:00:00,272.0,2,3,False,False,Low,14.080000000000041,Medium,Low,0
,286.44,0.0,0.0,90,Mist,mist,2012-10-25 03:00:00,370.0,3,3,False,False,Low,13.29000000000002,Medium,Low,0
,285.32,0.0,0.0,90,Mist,mist,2012-10-25 04:00:00,809.0,4,3,False,False,Low,12.170000000000016,Medium,Low,0
,285.32,0.0,0.0,90,Fog,fog,2012-10-25 04:00:00,809.0,4,3,False,False,Low,12.170000000000016,Medium,Low,0
,285.43,0.0,0.0,90,Mist,mist,2012-10-25 05:00:00,2641.0,5,3,False,False,Medium,12.28000000000003,Medium,Low,0
,285.53,0.0,0.0,75,Mist,mist,2012-10-25 06:00:00,4957.0,6,3,False,False,High,12.379999999999995,Medium,Low,0
,285.2,0.0,0.0,90,Mist,mist,2012-10-25 07:00:00,6036.0,7,3,False,True,High,12.050000000000011,Medium,Low,0
,285.2,0.0,0.0,90,Fog,fog,2012-10-25 07:00:00,6036.0,7,3,False,True,High,12.050000000000011,Medium,Low,0
,285.02,0.0,0.0,90,Mist,mist,2012-10-25 08:00:00,5309.0,8,3,False,True,High,11.870000000000005,Medium,Low,0
,286.43,0.0,0.0,90,Mist,mist,2012-10-25 10:00:00,4438.0,10,3,False,False,Medium,13.28000000000003,Medium,Low,0
,287.36,0.0,0.0,90,Mist,mist,2012-10-25 11:00:00,4723.0,11,3,False,False,High,14.210000000000036,Medium,Low,0
,287.6,0.0,0.0,90,Mist,mist,2012-10-25 12:00:00,4879.0,12,3,False,False,High,14.450000000000045,Medium,Low,0
,287.29,0.0,0.0,90,Clouds,overcast clouds,2012-10-25 13:00:00,5062.0,13,3,False,False,High,14.140000000000043,Medium,Low,0
,286.41,0.0,0.0,90,Rain,light rain,2012-10-25 14:00:00,5450.0,14,3,False,False,High,13.260000000000048,Medium,Low,0
,286.41,0.0,0.0,90,Mist,mist,2012-10-25 14:00:00,5450.0,14,3,False,False,High,13.260000000000048,Medium,Low,0
,286.41,0.0,0.0,90,Drizzle,light intensity drizzle,2012-10-25 14:00:00,5450.0,14,3,False,False,High,13.260000000000048,Medium,Low,0
,286.41,0.0,0.0,90,Drizzle,drizzle,2012-10-25 14:00:00,5450.0,14,3,False,False,High,13.260000000000048,Medium,Low,0
,285.8,0.0,0.0,90,Drizzle,light intensity drizzle,2012-10-25 15:00:00,5888.0,15,3,False,False,High,12.650000000000034,Medium,Low,0
,285.8,0.0,0.0,90,Mist,mist,2012-10-25 15:00:00,5888.0,15,3,False,False,High,12.650000000000034,Medium,Low,0
,285.8,0.0,0.0,90,Rain,light rain,2012-10-25 15:00:00,5888.0,15,3,False,False,High,12.650000000000034,Medium,Low,0
,285.8,0.0,0.0,90,Drizzle,drizzle,2012-10-25 15:00:00,5888.0,15,3,False,False,High,12.650000000000034,Medium,Low,0
,285.8,0.0,0.0,90,Rain,moderate rain,2012-10-25 15:00:00,5888.0,15,3,False,False,High,12.650000000000034,Medium,Low,0
,285.29,0.0,0.0,90,Rain,light rain,2012-10-25 16:00:00,6473.0,16,3,False,True,High,12.140000000000043,Medium,Low,0
,285.29,0.0,0.0,90,Mist,mist,2012-10-25 16:00:00,6473.0,16,3,False,True,High,12.140000000000043,Medium,Low,0
,285.29,0.0,0.0,90,Drizzle,light intensity drizzle,2012-10-25 16:00:00,6473.0,16,3,False,True,High,12.140000000000043,Medium,Low,0
,284.77,0.0,0.0,90,Rain,moderate rain,2012-10-25 17:00:00,6488.0,17,3,False,True,High,11.620000000000005,Medium,Low,0
,284.77,0.0,0.0,90,Mist,mist,2012-10-25 17:00:00,6488.0,17,3,False,True,High,11.620000000000005,Medium,Low,0
,284.77,0.0,0.0,90,Rain,light rain,2012-10-25 17:00:00,6488.0,17,3,False,True,High,11.620000000000005,Medium,Low,0
,284.29,0.0,0.0,90,Drizzle,light intensity drizzle,2012-10-25 18:00:00,5351.0,18,3,False,True,High,11.140000000000043,Medium,Low,0
,284.29,0.0,0.0,90,Mist,mist,2012-10-25 18:00:00,5351.0,18,3,False,True,High,11.140000000000043,Medium,Low,0
,284.29,0.0,0.0,90,Rain,moderate rain,2012-10-25 18:00:00,5351.0,18,3,False,True,High,11.140000000000043,Medium,Low,0
,284.29,0.0,0.0,90,Rain,light rain,2012-10-25 18:00:00,5351.0,18,3,False,True,High,11.140000000000043,Medium,Low,0
,283.79,0.0,0.0,90,Drizzle,light intensity drizzle,2012-10-25 19:00:00,3500.0,19,3,False,False,Medium,10.640000000000043,Medium,Low,0
,283.79,0.0,0.0,90,Mist,mist,2012-10-25 19:00:00,3500.0,19,3,False,False,Medium,10.640000000000043,Medium,Low,0
,283.79,0.0,0.0,90,Rain,light rain,2012-10-25 19:00:00,3500.0,19,3,False,False,Medium,10.640000000000043,Medium,Low,0
,283.44,0.0,0.0,90,Rain,light rain,2012-10-25 20:00:00,2856.0,20,3,False,False,Medium,10.29000000000002,Medium,Low,0
,283.44,0.0,0.0,90,Mist,mist,2012-10-25 20:00:00,2856.0,20,3,False,False,Medium,10.29000000000002,Medium,Low,0
,283.44,0.0,0.0,90,Drizzle,drizzle,2012-10-25 20:00:00,2856.0,20,3,False,False,Medium,10.29000000000002,Medium,Low,0
,283.22,0.0,0.0,90,Rain,moderate rain,2012-10-25 21:00:00,2587.0,21,3,False,False,Medium,10.07000000000005,Medium,Low,0
,283.22,0.0,0.0,90,Mist,mist,2012-10-25 21:00:00,2587.0,21,3,False,False,Medium,10.07000000000005,Medium,Low,0
,283.22,0.0,0.0,90,Drizzle,light intensity drizzle,2012-10-25 21:00:00,2587.0,21,3,False,False,Medium,10.07000000000005,Medium,Low,0
,282.82,0.0,0.0,90,Clouds,overcast clouds,2012-10-25 22:00:00,1979.0,22,3,False,False,Low,9.670000000000016,Medium,Low,0
,282.13,0.0,0.0,90,Clouds,overcast clouds,2012-10-25 23:00:00,1284.0,23,3,False,False,Low,8.980000000000018,Medium,Low,0
,281.05,0.0,0.0,90,Rain,light rain,2012-10-26 00:00:00,665.0,0,4,False,False,Low,7.900000000000034,Medium,Low,0
,281.05,0.0,0.0,90,Rain,moderate rain,2012-10-26 00:00:00,665.0,0,4,False,False,Low,7.900000000000034,Medium,Low,0
,281.05,0.0,0.0,90,Drizzle,light intensity drizzle,2012-10-26 00:00:00,665.0,0,4,False,False,Low,7.900000000000034,Medium,Low,0
,280.44,0.0,0.0,90,Drizzle,drizzle,2012-10-26 01:00:00,432.0,1,4,False,False,Low,7.2900000000000205,Medium,Low,0
,280.44,0.0,0.0,90,Rain,light rain,2012-10-26 01:00:00,432.0,1,4,False,False,Low,7.2900000000000205,Medium,Low,0
,280.07,0.0,0.0,90,Rain,light rain,2012-10-26 02:00:00,326.0,2,4,False,False,Low,6.920000000000016,Medium,Low,0
,280.07,0.0,0.0,90,Mist,mist,2012-10-26 02:00:00,326.0,2,4,False,False,Low,6.920000000000016,Medium,Low,0
,280.07,0.0,0.0,90,Drizzle,light intensity drizzle,2012-10-26 02:00:00,326.0,2,4,False,False,Low,6.920000000000016,Medium,Low,0
,279.54,0.0,0.0,90,Rain,light rain,2012-10-26 03:00:00,380.0,3,4,False,False,Low,6.390000000000043,Medium,Low,0
,279.54,0.0,0.0,90,Mist,mist,2012-10-26 03:00:00,380.0,3,4,False,False,Low,6.390000000000043,Medium,Low,0
,279.54,0.0,0.0,90,Drizzle,light intensity drizzle,2012-10-26 03:00:00,380.0,3,4,False,False,Low,6.390000000000043,Medium,Low,0
,279.54,0.0,0.0,90,Drizzle,drizzle,2012-10-26 03:00:00,380.0,3,4,False,False,Low,6.390000000000043,Medium,Low,0
,278.93,0.0,0.0,90,Rain,light rain,2012-10-26 04:00:00,705.0,4,4,False,False,Low,5.78000000000003,Medium,Low,0
,278.93,0.0,0.0,90,Mist,mist,2012-10-26 04:00:00,705.0,4,4,False,False,Low,5.78000000000003,Medium,Low,0
,278.93,0.0,0.0,90,Rain,moderate rain,2012-10-26 04:00:00,705.0,4,4,False,False,Low,5.78000000000003,Medium,Low,0
,278.93,0.0,0.0,90,Drizzle,light intensity drizzle,2012-10-26 04:00:00,705.0,4,4,False,False,Low,5.78000000000003,Medium,Low,0
,278.93,0.0,0.0,90,Drizzle,drizzle,2012-10-26 04:00:00,705.0,4,4,False,False,Low,5.78000000000003,Medium,Low,0
,278.27,0.0,0.0,90,Rain,heavy intensity rain,2012-10-26 05:00:00,2430.0,5,4,False,False,Medium,5.1200000000000045,Medium,Low,0
,278.27,0.0,0.0,90,Mist,mist,2012-10-26 05:00:00,2430.0,5,4,False,False,Medium,5.1200000000000045,Medium,Low,0
,278.27,0.0,0.0,90,Rain,moderate rain,2012-10-26 05:00:00,2430.0,5,4,False,False,Medium,5.1200000000000045,Medium,Low,0
,278.27,0.0,0.0,90,Thunderstorm,proximity thunderstorm with rain,2012-10-26 05:00:00,2430.0,5,4,False,False,Medium,5.1200000000000045,Medium,Low,0
,278.07,0.0,0.0,90,Rain,heavy intensity rain,2012-10-26 06:00:00,5426.0,6,4,False,False,High,4.920000000000016,High,Low,0
,278.07,0.0,0.0,90,Mist,mist,2012-10-26 06:00:00,5426.0,6,4,False,False,High,4.920000000000016,High,Low,0
,278.07,0.0,0.0,90,Rain,moderate rain,2012-10-26 06:00:00,5426.0,6,4,False,False,High,4.920000000000016,High,Low,0
,277.53,0.0,0.0,90,Rain,light rain,2012-10-26 07:00:00,6499.0,7,4,False,True,High,4.3799999999999955,High,Low,0
,277.53,0.0,0.0,90,Rain,moderate rain,2012-10-26 07:00:00,6499.0,7,4,False,True,High,4.3799999999999955,High,Low,0
,276.23,0.0,0.0,90,Rain,light rain,2012-10-26 08:00:00,5856.0,8,4,False,True,High,3.080000000000041,High,Low,0
,276.23,0.0,0.0,90,Mist,mist,2012-10-26 08:00:00,5856.0,8,4,False,True,High,3.080000000000041,High,Low,0
,276.23,0.0,0.0,90,Rain,moderate rain,2012-10-26 08:00:00,5856.0,8,4,False,True,High,3.080000000000041,High,Low,0
,275.66,0.0,0.0,90,Rain,light rain,2012-10-26 09:00:00,5234.0,9,4,False,True,High,2.5100000000000477,High,Low,0
,275.66,0.0,0.0,90,Mist,mist,2012-10-26 09:00:00,5234.0,9,4,False,True,High,2.5100000000000477,High,Low,0
,275.66,0.0,0.0,90,Snow,heavy snow,2012-10-26 09:00:00,5234.0,9,4,False,True,High,2.5100000000000477,High,Low,0
,275.02,0.0,0.0,90,Rain,light rain,2012-10-26 10:00:00,4695.0,10,4,False,False,High,1.8700000000000045,High,Low,0
,275.02,0.0,0.0,90,Mist,mist,2012-10-26 10:00:00,4695.0,10,4,False,False,High,1.8700000000000045,High,Low,0
,275.02,0.0,0.0,90,Rain,moderate rain,2012-10-26 10:00:00,4695.0,10,4,False,False,High,1.8700000000000045,High,Low,0
,275.02,0.0,0.0,90,Snow,heavy snow,2012-10-26 10:00:00,4695.0,10,4,False,False,High,1.8700000000000045,High,Low,0
,275.03,0.0,0.0,90,Rain,light rain,2012-10-26 11:00:00,5341.0,11,4,False,False,High,1.8799999999999955,High,Low,0
,275.03,0.0,0.0,90,Snow,heavy snow,2012-10-26 11:00:00,5341.0,11,4,False,False,High,1.8799999999999955,High,Low,0
,275.03,0.0,0.0,90,Mist,mist,2012-10-26 11:00:00,5341.0,11,4,False,False,High,1.8799999999999955,High,Low,0
,275.03,0.0,0.0,90,Rain,moderate rain,2012-10-26 11:00:00,5341.0,11,4,False,False,High,1.8799999999999955,High,Low,0
,274.5,0.0,0.0,90,Mist,mist,2012-10-26 12:00:00,5943.0,12,4,False,False,High,1.3500000000000227,High,Low,0
,274.5,0.0,0.0,90,Snow,heavy snow,2012-10-26 12:00:00,5943.0,12,4,False,False,High,1.3500000000000227,High,Low,0
,275.01,0.0,0.0,90,Snow,heavy snow,2012-10-26 13:00:00,5874.0,13,4,False,False,High,1.8600000000000136,High,Low,0
,275.38,0.0,0.0,90,Snow,heavy snow,2012-10-26 14:00:00,5879.0,14,4,False,False,High,2.230000000000018,High,Low,0
,275.38,0.0,0.0,90,Mist,mist,2012-10-26 14:00:00,5879.0,14,4,False,False,High,2.230000000000018,High,Low,0
,275.85,0.0,0.0,90,Snow,heavy snow,2012-10-26 15:00:00,6060.0,15,4,False,False,High,2.7000000000000455,High,Low,0
,276.56,0.0,0.0,90,Clouds,overcast clouds,2012-10-26 16:00:00,6348.0,16,4,False,True,High,3.410000000000025,High,Low,0
,276.7,0.0,0.0,90,Clouds,overcast clouds,2012-10-26 17:00:00,5955.0,17,4,False,True,High,3.5500000000000114,High,Low,0
,276.71,0.0,0.0,90,Clouds,overcast clouds,2012-10-26 18:00:00,5341.0,18,4,False,True,High,3.5600000000000023,High,Low,0
,276.43,0.0,0.0,90,Clouds,overcast clouds,2012-10-26 19:00:00,4144.0,19,4,False,False,Medium,3.2800000000000296,High,Low,0
,276.23,0.0,0.0,90,Clouds,overcast clouds,2012-10-26 20:00:00,3249.0,20,4,False,False,Medium,3.080000000000041,High,Low,0
,275.99,0.0,0.0,75,Clouds,broken clouds,2012-10-26 21:00:00,3017.0,21,4,False,False,Medium,2.840000000000032,High,Low,0
,276.28,0.0,0.0,90,Clouds,overcast clouds,2012-10-26 22:00:00,2765.0,22,4,False,False,Medium,3.1299999999999955,High,Low,0
,276.28,0.0,0.0,90,Clouds,overcast clouds,2012-10-26 23:00:00,1894.0,23,4,False,False,Low,3.1299999999999955,High,Low,0
,276.01,0.0,0.0,90,Clouds,overcast clouds,2012-10-27 00:00:00,1159.0,0,5,True,False,Low,2.8600000000000136,High,Low,0
,275.36,0.0,0.0,90,Clouds,overcast clouds,2012-10-27 01:00:00,822.0,1,5,True,False,Low,2.2100000000000364,High,Low,0
,274.93,0.0,0.0,20,Clouds,few clouds,2012-10-27 02:00:00,641.0,2,5,True,False,Low,1.7800000000000296,High,Low,0
,274.28,0.0,0.0,20,Clouds,few clouds,2012-10-27 03:00:00,411.0,3,5,True,False,Low,1.1299999999999955,High,Low,0
,274.01,0.0,0.0,1,Clear,sky is clear,2012-10-27 04:00:00,468.0,4,5,True,False,Low,0.8600000000000136,High,Low,0
,273.71,0.0,0.0,1,Clear,sky is clear,2012-10-27 05:00:00,723.0,5,5,True,False,Low,0.5600000000000023,High,Low,0
,273.43,0.0,0.0,1,Clear,sky is clear,2012-10-27 06:00:00,1415.0,6,5,True,False,Low,0.28000000000002956,High,Low,0
,273.65,0.0,0.0,20,Clouds,few clouds,2012-10-27 07:00:00,2191.0,7,5,True,False,Medium,0.5,High,Low,0
,274.58,0.0,0.0,75,Clouds,broken clouds,2012-10-27 08:00:00,3185.0,8,5,True,False,Medium,1.4300000000000068,High,Low,0
,275.39,0.0,0.0,90,Clouds,overcast clouds,2012-10-27 09:00:00,4076.0,9,5,True,False,Medium,2.240000000000009,High,Low,0
,275.44,0.0,0.0,0,Clear,sky is clear,2012-10-27 10:00:00,4522.0,10,5,True,False,Medium,2.2900000000000205,High,Low,0
,276.11,0.0,0.0,90,Clouds,overcast clouds,2012-10-27 11:00:00,6012.0,11,5,True,False,High,2.9600000000000364,High,Low,0
,276.48,0.0,0.0,90,Clouds,overcast clouds,2012-10-27 12:00:00,5975.0,12,5,True,False,High,3.330000000000041,High,Low,0
,276.5,0.0,0.0,90,Clouds,overcast clouds,2012-10-27 13:00:00,5307.0,13,5,True,False,High,3.3500000000000227,High,Low,0
,276.56,0.0,0.0,90,Clouds,overcast clouds,2012-10-27 14:00:00,4678.0,14,5,True,False,High,3.410000000000025,High,Low,0
,276.61,0.0,0.0,90,Clouds,overcast clouds,2012-10-27 15:00:00,4405.0,15,5,True,False,Medium,3.4600000000000364,High,Low,0
,276.9,0.0,0.0,90,Clouds,overcast clouds,2012-10-27 16:00:00,4403.0,16,5,True,False,Medium,3.75,High,Low,0
,276.61,0.0,0.0,90,Clouds,overcast clouds,2012-10-27 17:00:00,4311.0,17,5,True,False,Medium,3.4600000000000364,High,Low,0
,276.34,0.0,0.0,90,Clouds,overcast clouds,2012-10-27 18:00:00,4198.0,18,5,True,False,Medium,3.1899999999999977,High,Low,0
,275.96,0.0,0.0,90,Clouds,overcast clouds,2012-10-27 19:00:00,3475.0,19,5,True,False,Medium,2.8100000000000023,High,Low,0
,275.6,0.0,0.0,90,Clouds,overcast clouds,2012-10-27 20:00:00,3078.0,20,5,True,False,Medium,2.4500000000000455,High,Low,0
,274.86,0.0,0.0,90,Clouds,overcast clouds,2012-10-27 21:00:00,2931.0,21,5,True,False,Medium,1.7100000000000364,High,Low,0
,274.05,0.0,0.0,20,Clouds,few clouds,2012-10-27 22:00:00,2941.0,22,5,True,False,Medium,0.9000000000000341,High,Low,0
,273.62,0.0,0.0,20,Clouds,few clouds,2012-10-27 23:00:00,2240.0,23,5,True,False,Medium,0.4700000000000273,High,Low,0
,273.52,0.0,0.0,20,Clouds,few clouds,2012-10-28 00:00:00,1564.0,0,6,True,False,Low,0.37000000000000455,High,Low,0
,273.54,0.0,0.0,90,Clouds,overcast clouds,2012-10-28 01:00:00,795.0,1,6,True,False,Low,0.3900000000000432,High,Low,0
,273.63,0.0,0.0,90,Clouds,overcast clouds,2012-10-28 02:00:00,447.0,2,6,True,False,Low,0.4800000000000182,High,Low,0
,273.63,0.0,0.0,90,Clouds,overcast clouds,2012-10-28 03:00:00,443.0,3,6,True,False,Low,0.4800000000000182,High,Low,0
,273.22,0.0,0.0,90,Clouds,overcast clouds,2012-10-28 04:00:00,330.0,4,6,True,False,Low,0.07000000000005002,High,Low,0
,272.75,0.0,0.0,75,Clouds,broken clouds,2012-10-28 05:00:00,453.0,5,6,True,False,Low,-0.39999999999997726,High,Low,0
,272.16,0.0,0.0,75,Clouds,broken clouds,2012-10-28 06:00:00,755.0,6,6,True,False,Low,-0.9899999999999523,High,Low,0
,271.06,0.0,0.0,20,Clouds,few clouds,2012-10-28 07:00:00,953.0,7,6,True,False,Low,-2.089999999999975,High,Low,0
,270.68,0.0,0.0,1,Clear,sky is clear,2012-10-28 08:00:00,1650.0,8,6,True,False,Low,-2.4699999999999704,High,Low,0
,272.6,0.0,0.0,1,Clear,sky is clear,2012-10-28 09:00:00,2442.0,9,6,True,False,Medium,-0.5499999999999545,High,Low,0
,274.06,0.0,0.0,1,Clear,sky is clear,2012-10-28 10:00:00,3230.0,10,6,True,False,Medium,0.910000000000025,High,Low,0
,275.81,0.0,0.0,1,Clear,sky is clear,2012-10-28 11:00:00,3575.0,11,6,True,False,Medium,2.660000000000025,High,Low,0
,277.54,0.0,0.0,20,Clouds,few clouds,2012-10-28 12:00:00,4139.0,12,6,True,False,Medium,4.390000000000043,High,Low,0
,278.54,0.0,0.0,40,Clouds,scattered clouds,2012-10-28 13:00:00,3892.0,13,6,True,False,Medium,5.390000000000043,Medium,Low,0
,278.97,0.0,0.0,40,Clouds,scattered clouds,2012-10-28 14:00:00,3989.0,14,6,True,False,Medium,5.82000000000005,Medium,Low,0
,278.91,0.0,0.0,75,Clouds,broken clouds,2012-10-28 15:00:00,4294.0,15,6,True,False,Medium,5.760000000000048,Medium,Low,0
,278.81,0.0,0.0,75,Clouds,broken clouds,2012-10-28 16:00:00,4521.0,16,6,True,False,Medium,5.660000000000025,Medium,Low,0
,278.27,0.0,0.0,75,Clouds,broken clouds,2012-10-28 17:00:00,4280.0,17,6,True,False,Medium,5.1200000000000045,Medium,Low,0
,276.67,0.0,0.0,75,Clouds,broken clouds,2012-10-28 18:00:00,3945.0,18,6,True,False,Medium,3.5200000000000387,High,Low,0
,275.86,0.0,0.0,75,Clouds,broken clouds,2012-10-28 19:00:00,3169.0,19,6,True,False,Medium,2.7100000000000364,High,Low,0
,274.29,0.0,0.0,75,Clouds,broken clouds,2012-10-28 20:00:00,2772.0,20,6,True,False,Medium,1.1400000000000432,High,Low,0
,273.37,0.0,0.0,75,Clouds,broken clouds,2012-10-28 21:00:00,2213.0,21,6,True,False,Medium,0.22000000000002728,High,Low,0
,272.77,0.0,0.0,75,Clouds,broken clouds,2012-10-28 22:00:00,1570.0,22,6,True,False,Low,-0.37999999999999545,High,Low,0
,272.01,0.0,0.0,75,Clouds,broken clouds,2012-10-28 23:00:00,1065.0,23,6,True,False,Low,-1.1399999999999864,High,Low,0
,271.78,0.0,0.0,40,Clouds,scattered clouds,2012-10-29 00:00:00,530.0,0,0,False,False,Low,-1.3700000000000045,High,Low,0
,271.41,0.0,0.0,75,Haze,haze,2012-10-29 01:00:00,331.0,1,0,False,False,Low,-1.7399999999999523,High,Low,0
,271.46,0.0,0.0,75,Mist,mist,2012-10-29 02:00:00,270.0,2,0,False,False,Low,-1.6899999999999977,High,Low,0
,271.76,0.0,0.0,75,Clouds,broken clouds,2012-10-29 03:00:00,316.0,3,0,False,False,Low,-1.3899999999999864,High,Low,0
,272.24,0.0,0.0,90,Clouds,overcast clouds,2012-10-29 04:00:00,799.0,4,0,False,False,Low,-0.9099999999999682,High,Low,0
,271.98,0.0,0.0,90,Clouds,overcast clouds,2012-10-29 05:00:00,2513.0,5,0,False,False,Medium,-1.169999999999959,High,Low,0
,271.53,0.0,0.0,40,Clouds,scattered clouds,2012-10-29 06:00:00,5503.0,6,0,False,False,High,-1.6200000000000045,High,Low,0
,271.46,0.0,0.0,40,Clouds,scattered clouds,2012-10-29 07:00:00,6642.0,7,0,False,True,High,-1.6899999999999977,High,Low,0
,271.7,0.0,0.0,40,Clouds,scattered clouds,2012-10-29 08:00:00,6195.0,8,0,False,True,High,-1.4499999999999886,High,Low,0
,273.26,0.0,0.0,75,Clouds,broken clouds,2012-10-29 09:00:00,5246.0,9,0,False,True,High,0.11000000000001364,High,Low,0
,274.9,0.0,0.0,90,Clouds,overcast clouds,2012-10-29 10:00:00,4460.0,10,0,False,False,Medium,1.75,High,Low,0
,276.33,0.0,0.0,90,Clouds,overcast clouds,2012-10-29 11:00:00,4580.0,11,0,False,False,Medium,3.180000000000007,High,Low,0
,277.58,0.0,0.0,90,Snow,heavy snow,2012-10-29 12:00:00,4771.0,12,0,False,False,High,4.430000000000007,High,Low,0
,278.5,0.0,0.0,90,Clouds,overcast clouds,2012-10-29 13:00:00,4836.0,13,0,False,False,High,5.350000000000023,Medium,Low,0
,279.3,0.0,0.0,90,Clouds,overcast clouds,2012-10-29 14:00:00,5138.0,14,0,False,False,High,6.150000000000034,Medium,Low,0
,279.89,0.0,0.0,90,Clouds,overcast clouds,2012-10-29 15:00:00,5606.0,15,0,False,False,High,6.740000000000009,Medium,Low,0
,280.11,0.0,0.0,40,Clouds,scattered clouds,2012-10-29 16:00:00,6120.0,16,0,False,True,High,6.960000000000036,Medium,Low,0
,279.82,0.0,0.0,40,Clouds,scattered clouds,2012-10-29 17:00:00,5985.0,17,0,False,True,High,6.670000000000016,Medium,Low,0
,278.69,0.0,0.0,40,Clouds,scattered clouds,2012-10-29 18:00:00,4418.0,18,0,False,True,Medium,5.5400000000000205,Medium,Low,0
,277.75,0.0,0.0,40,Clouds,scattered clouds,2012-10-29 19:00:00,3089.0,19,0,False,False,Medium,4.600000000000023,High,Low,0
,276.77,0.0,0.0,40,Clouds,scattered clouds,2012-10-29 20:00:00,2636.0,20,0,False,False,Medium,3.6200000000000045,High,Low,0
,276.61,0.0,0.0,75,Clouds,broken clouds,2012-10-29 21:00:00,2117.0,21,0,False,False,Low,3.4600000000000364,High,Low,0
,276.06,0.0,0.0,75,Clouds,broken clouds,2012-10-29 22:00:00,1437.0,22,0,False,False,Low,2.910000000000025,High,Low,0
,275.22,0.0,0.0,20,Clouds,few clouds,2012-10-29 23:00:00,920.0,23,0,False,False,Low,2.07000000000005,High,Low,0
,274.75,0.0,0.0,20,Clouds,few clouds,2012-10-30 00:00:00,600.0,0,1,False,False,Low,1.6000000000000227,High,Low,0
,274.24,0.0,0.0,20,Clouds,few clouds,2012-10-30 01:00:00,393.0,1,1,False,False,Low,1.0900000000000318,High,Low,0
,273.47,0.0,0.0,20,Clouds,few clouds,2012-10-30 02:00:00,298.0,2,1,False,False,Low,0.32000000000005,High,Low,0
,273.5,0.0,0.0,1,Clear,sky is clear,2012-10-30 03:00:00,352.0,3,1,False,False,Low,0.35000000000002274,High,Low,0
,273.15,0.0,0.0,75,Clouds,broken clouds,2012-10-30 04:00:00,762.0,4,1,False,False,Low,0.0,High,Low,0
,273.0,0.0,0.0,20,Clouds,few clouds,2012-10-30 05:00:00,2519.0,5,1,False,False,Medium,-0.14999999999997726,High,Low,0
,272.69,0.0,0.0,20,Clouds,few clouds,2012-10-30 06:00:00,5478.0,6,1,False,False,High,-0.45999999999997954,High,Low,0
,273.08,0.0,0.0,40,Clouds,scattered clouds,2012-10-30 07:00:00,6728.0,7,1,False,True,High,-0.06999999999999318,High,Low,0
,273.91,0.0,0.0,75,Clouds,broken clouds,2012-10-30 08:00:00,5972.0,8,1,False,True,High,0.7600000000000477,High,Low,0
,274.82,0.0,0.0,75,Clouds,broken clouds,2012-10-30 09:00:00,5280.0,9,1,False,True,High,1.670000000000016,High,Low,0
,276.16,0.0,0.0,75,Clouds,broken clouds,2012-10-30 10:00:00,4626.0,10,1,False,False,Medium,3.0100000000000477,High,Low,0
,277.69,0.0,0.0,90,Clouds,overcast clouds,2012-10-30 11:00:00,4947.0,11,1,False,False,High,4.5400000000000205,High,Low,0
,278.47,0.0,0.0,90,Clouds,overcast clouds,2012-10-30 12:00:00,5125.0,12,1,False,False,High,5.32000000000005,Medium,Low,0
,279.12,0.0,0.0,90,Clouds,overcast clouds,2012-10-30 13:00:00,5130.0,13,1,False,False,High,5.970000000000027,Medium,Low,0
,279.28,0.0,0.0,90,Clouds,overcast clouds,2012-10-30 14:00:00,5394.0,14,1,False,False,High,6.1299999999999955,Medium,Low,0
,280.19,0.0,0.0,90,Clouds,overcast clouds,2012-10-30 15:00:00,5837.0,15,1,False,False,High,7.0400000000000205,Medium,Low,0
,280.5,0.0,0.0,90,Clouds,overcast clouds,2012-10-30 16:00:00,6222.0,16,1,False,True,High,7.350000000000023,Medium,Low,0
,280.3,0.0,0.0,90,Clouds,overcast clouds,2012-10-30 17:00:00,5992.0,17,1,False,True,High,7.150000000000034,Medium,Low,0
,279.58,0.0,0.0,75,Clouds,broken clouds,2012-10-30 18:00:00,4578.0,18,1,False,True,Medium,6.430000000000007,Medium,Low,0
,278.78,0.0,0.0,75,Clouds,broken clouds,2012-10-30 19:00:00,3246.0,19,1,False,False,Medium,5.6299999999999955,Medium,Low,0
,278.5,0.0,0.0,90,Clouds,overcast clouds,2012-10-30 20:00:00,2834.0,20,1,False,False,Medium,5.350000000000023,Medium,Low,0
,276.93,0.0,0.0,75,Clouds,broken clouds,2012-10-30 21:00:00,2578.0,21,1,False,False,Medium,3.7800000000000296,High,Low,0
,276.03,0.0,0.0,40,Clouds,scattered clouds,2012-10-30 22:00:00,1979.0,22,1,False,False,Low,2.8799999999999955,High,Low,0
,275.01,0.0,0.0,40,Clouds,scattered clouds,2012-10-30 23:00:00,1326.0,23,1,False,False,Low,1.8600000000000136,High,Low,0
,273.87,0.0,0.0,40,Clouds,scattered clouds,2012-10-31 00:00:00,541.0,0,2,False,False,Low,0.7200000000000273,High,Low,0
,272.99,0.0,0.0,1,Clear,sky is clear,2012-10-31 01:00:00,346.0,1,2,False,False,Low,-0.15999999999996817,High,Low,0
,272.41,0.0,0.0,1,Clear,sky is clear,2012-10-31 02:00:00,265.0,2,2,False,False,Low,-0.7399999999999523,High,Low,0
,272.31,0.0,0.0,1,Clear,sky is clear,2012-10-31 03:00:00,338.0,3,2,False,False,Low,-0.839999999999975,High,Low,0
,272.39,0.0,0.0,1,Clear,sky is clear,2012-10-31 04:00:00,765.0,4,2,False,False,Low,-0.7599999999999909,High,Low,0
,271.73,0.0,0.0,1,Clear,sky is clear,2012-10-31 05:00:00,2611.0,5,2,False,False,Medium,-1.419999999999959,High,Low,0
,271.54,0.0,0.0,1,Clear,sky is clear,2012-10-31 06:00:00,5577.0,6,2,False,False,High,-1.6099999999999568,High,Low,0
,271.12,0.0,0.0,1,Clear,sky is clear,2012-10-31 07:00:00,6908.0,7,2,False,True,High,-2.0299999999999727,High,Low,0
,271.17,0.0,0.0,20,Clouds,few clouds,2012-10-31 08:00:00,6079.0,8,2,False,True,High,-1.9799999999999613,High,Low,0
,273.11,0.0,0.0,20,Clouds,few clouds,2012-10-31 09:00:00,5309.0,9,2,False,True,High,-0.03999999999996362,High,Low,0
,276.01,0.0,0.0,20,Clouds,few clouds,2012-10-31 10:00:00,4567.0,10,2,False,False,Medium,2.8600000000000136,High,Low,0
,278.27,0.0,0.0,20,Clouds,few clouds,2012-10-31 11:00:00,4804.0,11,2,False,False,High,5.1200000000000045,Medium,Low,0
,279.84,0.0,0.0,20,Clouds,few clouds,2012-10-31 12:00:00,5041.0,12,2,False,False,High,6.689999999999998,Medium,Low,0
,280.68,0.0,0.0,40,Clouds,scattered clouds,2012-10-31 13:00:00,5051.0,13,2,False,False,High,7.53000000000003,Medium,Low,0
,281.22,0.0,0.0,20,Clouds,few clouds,2012-10-31 14:00:00,5274.0,14,2,False,False,High,8.07000000000005,Medium,Low,0
,281.8,0.0,0.0,20,Clouds,few clouds,2012-10-31 15:00:00,5936.0,15,2,False,False,High,8.650000000000034,Medium,Low,0
,282.2,0.0,0.0,40,Clouds,scattered clouds,2012-10-31 16:00:00,6128.0,16,2,False,True,High,9.050000000000011,Medium,Low,0
,281.48,0.0,0.0,20,Clouds,few clouds,2012-10-31 17:00:00,5821.0,17,2,False,True,High,8.330000000000041,Medium,Low,0
,280.0,0.0,0.0,20,Clouds,few clouds,2012-10-31 18:00:00,4040.0,18,2,False,True,Medium,6.850000000000023,Medium,Low,0
,278.48,0.0,0.0,20,Clouds,few clouds,2012-10-31 19:00:00,2711.0,19,2,False,False,Medium,5.330000000000041,Medium,Low,0
,276.86,0.0,0.0,20,Clouds,few clouds,2012-10-31 20:00:00,2690.0,20,2,False,False,Medium,3.7100000000000364,High,Low,0
,275.45,0.0,0.0,1,Clear,sky is clear,2012-10-31 21:00:00,2539.0,21,2,False,False,Medium,2.3000000000000114,High,Low,0
,274.05,0.0,0.0,1,Clear,sky is clear,2012-10-31 22:00:00,1925.0,22,2,False,False,Low,0.9000000000000341,High,Low,0
,272.75,0.0,0.0,1,Clear,sky is clear,2012-10-31 23:00:00,1471.0,23,2,False,False,Low,-0.39999999999997726,High,Low,0
,271.73,0.0,0.0,1,Clear,sky is clear,2012-11-01 00:00:00,716.0,0,3,False,False,Low,-1.419999999999959,High,Low,0
,270.91,0.0,0.0,1,Clear,sky is clear,2012-11-01 01:00:00,453.0,1,3,False,False,Low,-2.2399999999999523,High,Low,0
,270.15,0.0,0.0,1,Clear,sky is clear,2012-11-01 02:00:00,324.0,2,3,False,False,Low,-3.0,High,Low,0
,269.68,0.0,0.0,1,Clear,sky is clear,2012-11-01 03:00:00,390.0,3,3,False,False,Low,-3.4699999999999704,High,Low,0
,269.44,0.0,0.0,1,Clear,sky is clear,2012-11-01 04:00:00,775.0,4,3,False,False,Low,-3.7099999999999795,High,Low,0
,268.96,0.0,0.0,1,Clear,sky is clear,2012-11-01 05:00:00,2572.0,5,3,False,False,Medium,-4.189999999999998,High,Low,0
,268.61,0.0,0.0,1,Clear,sky is clear,2012-11-01 06:00:00,5595.0,6,3,False,False,High,-4.539999999999964,High,Low,0
,268.74,0.0,0.0,1,Clear,sky is clear,2012-11-01 07:00:00,6852.0,7,3,False,True,High,-4.409999999999968,High,Low,0
,268.45,0.0,0.0,20,Clouds,few clouds,2012-11-01 08:00:00,5892.0,8,3,False,True,High,-4.699999999999989,High,Low,0
,270.9,0.0,0.0,1,Clear,sky is clear,2012-11-01 09:00:00,5327.0,9,3,False,True,High,-2.25,High,Low,0
,273.45,0.0,0.0,1,Clear,sky is clear,2012-11-01 10:00:00,4756.0,10,3,False,False,High,0.30000000000001137,High,Low,0
,275.9,0.0,0.0,20,Clouds,few clouds,2012-11-01 11:00:00,5073.0,11,3,False,False,High,2.75,High,Low,0
,278.7,0.0,0.0,20,Clouds,few clouds,2012-11-01 12:00:00,5286.0,12,3,False,False,High,5.550000000000011,Medium,Low,0
,280.25,0.0,0.0,20,Clouds,few clouds,2012-11-01 13:00:00,5189.0,13,3,False,False,High,7.100000000000023,Medium,Low,0
,281.67,0.0,0.0,1,Clear,sky is clear,2012-11-01 14:00:00,5495.0,14,3,False,False,High,8.520000000000039,Medium,Low,0
,283.03,0.0,0.0,1,Clear,sky is clear,2012-11-01 15:00:00,5713.0,15,3,False,False,High,9.879999999999995,Medium,Low,0
,283.13,0.0,0.0,1,Clear,sky is clear,2012-11-01 16:00:00,6317.0,16,3,False,True,High,9.980000000000018,Medium,Low,0
,283.04,0.0,0.0,20,Clouds,few clouds,2012-11-01 17:00:00,6306.0,17,3,False,True,High,9.890000000000043,Medium,Low,0
,281.3,0.0,0.0,20,Clouds,few clouds,2012-11-01 18:00:00,4867.0,18,3,False,True,High,8.150000000000034,Medium,Low,0
,279.84,0.0,0.0,40,Clouds,scattered clouds,2012-11-01 19:00:00,3501.0,19,3,False,False,Medium,6.689999999999998,Medium,Low,0
,278.88,0.0,0.0,40,Clouds,scattered clouds,2012-11-01 20:00:00,3110.0,20,3,False,False,Medium,5.730000000000018,Medium,Low,0
,278.51,0.0,0.0,90,Clouds,overcast clouds,2012-11-01 21:00:00,2727.0,21,3,False,False,Medium,5.360000000000014,Medium,Low,0
,279.26,0.0,0.0,90,Clouds,overcast clouds,2012-11-01 22:00:00,1825.0,22,3,False,False,Low,6.110000000000014,Medium,Low,0
,279.21,0.0,0.0,90,Drizzle,light intensity drizzle,2012-11-01 23:00:00,1222.0,23,3,False,False,Low,6.060000000000002,Medium,Low,0
,278.85,0.0,0.0,90,Clouds,overcast clouds,2012-11-02 00:00:00,611.0,0,4,False,False,Low,5.7000000000000455,Medium,Low,0
,277.59,0.0,0.0,75,Haze,haze,2012-11-02 01:00:00,441.0,1,4,False,False,Low,4.439999999999998,High,Low,0
,277.01,0.0,0.0,40,Clouds,scattered clouds,2012-11-02 02:00:00,331.0,2,4,False,False,Low,3.8600000000000136,High,Low,0
,277.15,0.0,0.0,75,Clouds,broken clouds,2012-11-02 03:00:00,365.0,3,4,False,False,Low,4.0,High,Low,0
,277.9,0.0,0.0,75,Clouds,broken clouds,2012-11-02 04:00:00,708.0,4,4,False,False,Low,4.75,High,Low,0
,278.31,0.0,0.0,90,Clouds,overcast clouds,2012-11-02 05:00:00,2379.0,5,4,False,False,Medium,5.160000000000025,Medium,Low,0
,278.63,0.0,0.0,90,Clouds,overcast clouds,2012-11-02 06:00:00,5236.0,6,4,False,False,High,5.480000000000018,Medium,Low,0
,278.22,0.0,0.0,90,Clouds,overcast clouds,2012-11-02 07:00:00,6509.0,7,4,False,True,High,5.07000000000005,Medium,Low,0
,277.58,0.0,0.0,75,Clouds,broken clouds,2012-11-02 08:00:00,5723.0,8,4,False,True,High,4.430000000000007,High,Low,0
,278.02,0.0,0.0,40,Clouds,scattered clouds,2012-11-02 09:00:00,5239.0,9,4,False,True,High,4.8700000000000045,High,Low,0
,278.37,0.0,0.0,90,Clouds,overcast clouds,2012-11-02 10:00:00,4723.0,10,4,False,False,High,5.220000000000027,Medium,Low,0
,278.78,0.0,0.0,90,Clouds,overcast clouds,2012-11-02 11:00:00,5330.0,11,4,False,False,High,5.6299999999999955,Medium,Low,0
,278.78,0.0,0.0,75,Clouds,broken clouds,2012-11-02 12:00:00,5403.0,12,4,False,False,High,5.6299999999999955,Medium,Low,0
,279.59,0.0,0.0,75,Clouds,broken clouds,2012-11-02 13:00:00,5446.0,13,4,False,False,High,6.439999999999998,Medium,Low,0
,279.64,0.0,0.0,1,Clear,sky is clear,2012-11-02 14:00:00,5669.0,14,4,False,False,High,6.490000000000009,Medium,Low,0
,280.0,0.0,0.0,40,Clouds,scattered clouds,2012-11-02 15:00:00,6093.0,15,4,False,False,High,6.850000000000023,Medium,Low,0
,279.76,0.0,0.0,40,Clouds,scattered clouds,2012-11-02 16:00:00,6323.0,16,4,False,True,High,6.610000000000014,Medium,Low,0
,278.9,0.0,0.0,40,Clouds,scattered clouds,2012-11-02 17:00:00,5856.0,17,4,False,True,High,5.75,Medium,Low,0
,277.06,0.0,0.0,40,Clouds,scattered clouds,2012-11-02 18:00:00,4987.0,18,4,False,True,High,3.910000000000025,High,Low,0
,275.29,0.0,0.0,40,Clouds,scattered clouds,2012-11-02 19:00:00,3681.0,19,4,False,False,Medium,2.140000000000043,High,Low,0
,274.98,0.0,0.0,20,Clouds,few clouds,2012-11-02 20:00:00,2902.0,20,4,False,False,Medium,1.830000000000041,High,Low,0
,273.31,0.0,0.0,20,Clouds,few clouds,2012-11-02 21:00:00,2929.0,21,4,False,False,Medium,0.160000000000025,High,Low,0
,272.77,0.0,0.0,1,Clear,sky is clear,2012-11-02 22:00:00,2728.0,22,4,False,False,Medium,-0.37999999999999545,High,Low,0
,272.06,0.0,0.0,1,Clear,sky is clear,2012-11-02 23:00:00,1693.0,23,4,False,False,Low,-1.089999999999975,High,Low,0
,272.01,0.0,0.0,20,Clouds,few clouds,2012-11-03 00:00:00,1166.0,0,5,True,False,Low,-1.1399999999999864,High,Low,0
,271.8,0.0,0.0,75,Clouds,broken clouds,2012-11-03 01:00:00,724.0,1,5,True,False,Low,-1.349999999999966,High,Low,0
,271.3,0.0,0.0,75,Clouds,broken clouds,2012-11-03 02:00:00,568.0,2,5,True,False,Low,-1.849999999999966,High,Low,0
,270.41,0.0,0.0,20,Clouds,few clouds,2012-11-03 03:00:00,343.0,3,5,True,False,Low,-2.7399999999999523,High,Low,0
,269.9,0.0,0.0,20,Clouds,few clouds,2012-11-03 04:00:00,383.0,4,5,True,False,Low,-3.25,High,Low,0
,269.56,0.0,0.0,1,Clear,sky is clear,2012-11-03 05:00:00,703.0,5,5,True,False,Low,-3.589999999999975,High,Low,0
,269.39,0.0,0.0,20,Clouds,few clouds,2012-11-03 06:00:00,1229.0,6,5,True,False,Low,-3.759999999999991,High,Low,0
,269.24,0.0,0.0,20,Clouds,few clouds,2012-11-03 07:00:00,2057.0,7,5,True,False,Low,-3.909999999999968,High,Low,0
,268.99,0.0,0.0,40,Clouds,scattered clouds,2012-11-03 08:00:00,3246.0,8,5,True,False,Medium,-4.159999999999968,High,Low,0
,271.47,0.0,0.0,75,Clouds,broken clouds,2012-11-03 09:00:00,4390.0,9,5,True,False,Medium,-1.67999999999995,High,Low,0
,272.85,0.0,0.0,75,Clouds,broken clouds,2012-11-03 10:00:00,4573.0,10,5,True,False,Medium,-0.2999999999999545,High,Low,0
,273.93,0.0,0.0,75,Clouds,broken clouds,2012-11-03 11:00:00,4269.0,11,5,True,False,Medium,0.7800000000000296,High,Low,0
,274.85,0.0,0.0,75,Clouds,broken clouds,2012-11-03 12:00:00,4833.0,12,5,True,False,High,1.7000000000000455,High,Low,0
,275.43,0.0,0.0,75,Clouds,broken clouds,2012-11-03 13:00:00,4442.0,13,5,True,False,Medium,2.2800000000000296,High,Low,0
,275.73,0.0,0.0,40,Clouds,scattered clouds,2012-11-03 14:00:00,4397.0,14,5,True,False,Medium,2.580000000000041,High,Low,0
,275.9,0.0,0.0,40,Clouds,scattered clouds,2012-11-03 15:00:00,4314.0,15,5,True,False,Medium,2.75,High,Low,0
,276.29,0.0,0.0,75,Clouds,broken clouds,2012-11-03 16:00:00,4413.0,16,5,True,False,Medium,3.140000000000043,High,Low,0
,276.41,0.0,0.0,75,Clouds,broken clouds,2012-11-03 17:00:00,4125.0,17,5,True,False,Medium,3.2600000000000477,High,Low,0
,276.29,0.0,0.0,75,Clouds,broken clouds,2012-11-03 18:00:00,4004.0,18,5,True,False,Medium,3.140000000000043,High,Low,0
,276.13,0.0,0.0,90,Clouds,overcast clouds,2012-11-03 19:00:00,3404.0,19,5,True,False,Medium,2.980000000000018,High,Low,0
,275.93,0.0,0.0,90,Clouds,overcast clouds,2012-11-03 20:00:00,2777.0,20,5,True,False,Medium,2.7800000000000296,High,Low,0
,275.93,0.0,0.0,90,Clouds,overcast clouds,2012-11-03 21:00:00,2579.0,21,5,True,False,Medium,2.7800000000000296,High,Low,0
,275.67,0.0,0.0,90,Clouds,overcast clouds,2012-11-03 22:00:00,2552.0,22,5,True,False,Medium,2.5200000000000387,High,Low,0
,275.58,0.0,0.0,90,Clouds,overcast clouds,2012-11-03 23:00:00,1952.0,23,5,True,False,Low,2.430000000000007,High,Low,0
,275.67,0.0,0.0,90,Clouds,overcast clouds,2012-11-04 00:00:00,2125.0,0,6,True,False,Low,2.5200000000000387,High,Low,0
,275.6,0.0,0.0,90,Clouds,overcast clouds,2012-11-04 01:00:00,730.0,1,6,True,False,Low,2.4500000000000455,High,Low,0
,275.77,0.0,0.0,90,Clouds,overcast clouds,2012-11-04 01:00:00,730.0,1,6,True,False,Low,2.6200000000000045,High,Low,0
,275.42,0.0,0.0,90,Clouds,overcast clouds,2012-11-04 02:00:00,345.0,2,6,True,False,Low,2.2700000000000387,High,Low,0
,275.47,0.0,0.0,90,Clouds,overcast clouds,2012-11-04 03:00:00,223.0,3,6,True,False,Low,2.32000000000005,High,Low,0
,275.33,0.0,0.0,90,Clouds,overcast clouds,2012-11-04 05:00:00,488.0,5,6,True,False,Low,2.180000000000007,High,Low,0
,275.08,0.0,0.0,90,Clouds,overcast clouds,2012-11-04 06:00:00,710.0,6,6,True,False,Low,1.9300000000000068,High,Low,0
,275.08,0.0,0.0,90,Clouds,overcast clouds,2012-11-04 07:00:00,1165.0,7,6,True,False,Low,1.9300000000000068,High,Low,0
,275.09,0.0,0.0,90,Rain,light rain,2012-11-04 08:00:00,2067.0,8,6,True,False,Low,1.9399999999999977,High,Low,0
,275.09,0.0,0.0,90,Snow,heavy snow,2012-11-04 08:00:00,2067.0,8,6,True,False,Low,1.9399999999999977,High,Low,0
,275.44,0.0,0.0,90,Clouds,overcast clouds,2012-11-04 09:00:00,2911.0,9,6,True,False,Medium,2.2900000000000205,High,Low,0
,276.1,0.0,0.0,90,Clouds,overcast clouds,2012-11-04 10:00:00,3527.0,10,6,True,False,Medium,2.9500000000000455,High,Low,0
,276.45,0.0,0.0,90,Clouds,overcast clouds,2012-11-04 11:00:00,3765.0,11,6,True,False,Medium,3.3000000000000114,High,Low,0
,276.76,0.0,0.0,90,Clouds,overcast clouds,2012-11-04 12:00:00,4063.0,12,6,True,False,Medium,3.6100000000000136,High,Low,0
,277.11,0.0,0.0,90,Clouds,overcast clouds,2012-11-04 13:00:00,4043.0,13,6,True,False,Medium,3.9600000000000364,High,Low,0
,278.13,0.0,0.0,90,Clouds,overcast clouds,2012-11-04 14:00:00,4200.0,14,6,True,False,Medium,4.980000000000018,High,Low,0
,278.44,0.0,0.0,90,Clouds,overcast clouds,2012-11-04 15:00:00,4105.0,15,6,True,False,Medium,5.2900000000000205,Medium,Low,0
,278.44,0.0,0.0,90,Clouds,overcast clouds,2012-11-04 16:00:00,4015.0,16,6,True,False,Medium,5.2900000000000205,Medium,Low,0
,278.09,0.0,0.0,90,Clouds,overcast clouds,2012-11-04 17:00:00,3620.0,17,6,True,False,Medium,4.939999999999998,High,Low,0
,277.72,0.0,0.0,90,Clouds,overcast clouds,2012-11-04 18:00:00,3652.0,18,6,True,False,Medium,4.57000000000005,High,Low,0
,277.41,0.0,0.0,90,Clouds,overcast clouds,2012-11-04 19:00:00,2837.0,19,6,True,False,Medium,4.260000000000048,High,Low,0
,277.2,0.0,0.0,90,Clouds,overcast clouds,2012-11-04 20:00:00,2446.0,20,6,True,False,Medium,4.050000000000011,High,Low,0
,277.06,0.0,0.0,90,Clouds,overcast clouds,2012-11-04 21:00:00,1950.0,21,6,True,False,Low,3.910000000000025,High,Low,0
,276.7,0.0,0.0,90,Clouds,overcast clouds,2012-11-04 22:00:00,1451.0,22,6,True,False,Low,3.5500000000000114,High,Low,0
,276.54,0.0,0.0,90,Rain,light rain,2012-11-04 23:00:00,999.0,23,6,True,False,Low,3.390000000000043,High,Low,0
,276.07,0.0,0.0,90,Clouds,overcast clouds,2012-11-05 00:00:00,1720.0,0,0,False,False,Low,2.920000000000016,High,Low,0
,275.67,0.0,0.0,75,Clouds,broken clouds,2012-11-05 01:00:00,1299.0,1,0,False,False,Low,2.5200000000000387,High,Low,0
,274.97,0.0,0.0,40,Clouds,scattered clouds,2012-11-05 02:00:00,304.0,2,0,False,False,Low,1.82000000000005,High,Low,0
,274.86,0.0,0.0,20,Clouds,few clouds,2012-11-05 03:00:00,412.0,3,0,False,False,Low,1.7100000000000364,High,Low,0
,273.45,0.0,0.0,75,Mist,mist,2012-11-05 04:00:00,753.0,4,0,False,False,Low,0.30000000000001137,High,Low,0
,272.66,0.0,0.0,20,Clouds,few clouds,2012-11-05 05:00:00,2562.0,5,0,False,False,Medium,-0.48999999999995225,High,Low,0
,272.18,0.0,0.0,20,Clouds,few clouds,2012-11-05 06:00:00,5658.0,6,0,False,False,High,-0.9699999999999704,High,Low,0
,272.32,0.0,0.0,1,Clear,sky is clear,2012-11-05 07:00:00,6877.0,7,0,False,True,High,-0.8299999999999841,High,Low,0
,272.69,0.0,0.0,90,Clouds,overcast clouds,2012-11-05 08:00:00,5981.0,8,0,False,True,High,-0.45999999999997954,High,Low,0
,274.26,0.0,0.0,90,Clouds,overcast clouds,2012-11-05 09:00:00,4999.0,9,0,False,True,High,1.1100000000000136,High,Low,0
,275.99,0.0,0.0,90,Clouds,overcast clouds,2012-11-05 10:00:00,4408.0,10,0,False,False,Medium,2.840000000000032,High,Low,0
,277.35,0.0,0.0,90,Clouds,overcast clouds,2012-11-05 11:00:00,4575.0,11,0,False,False,Medium,4.2000000000000455,High,Low,0
,277.83,0.0,0.0,90,Clouds,overcast clouds,2012-11-05 12:00:00,4710.0,12,0,False,False,High,4.680000000000007,High,Low,0
,278.47,0.0,0.0,90,Clouds,overcast clouds,2012-11-05 13:00:00,4648.0,13,0,False,False,Medium,5.32000000000005,Medium,Low,0
,278.71,0.0,0.0,46,Clear,sky is clear,2012-11-05 14:00:00,4968.0,14,0,False,False,High,5.560000000000002,Medium,Low,0
,280.56,0.0,0.0,46,Clear,sky is clear,2012-11-05 16:00:00,6124.0,16,0,False,True,High,7.410000000000025,Medium,Low,0
,280.56,0.0,0.0,46,Clear,sky is clear,2012-11-05 17:00:00,6134.0,17,0,False,True,High,7.410000000000025,Medium,Low,0
,279.26,0.0,0.0,46,Clear,sky is clear,2012-11-05 18:00:00,4265.0,18,0,False,True,Medium,6.110000000000014,Medium,Low,0
,280.56,0.0,0.0,46,Clear,sky is clear,2012-11-05 20:00:00,2415.0,20,0,False,False,Medium,7.410000000000025,Medium,Low,0
,280.56,0.0,0.0,46,Clear,sky is clear,2012-11-05 21:00:00,1963.0,21,0,False,False,Low,7.410000000000025,Medium,Low,0
,280.56,0.0,0.0,46,Clear,sky is clear,2012-11-05 22:00:00,1454.0,22,0,False,False,Low,7.410000000000025,Medium,Low,0
,280.56,0.0,0.0,46,Clear,sky is clear,2012-11-05 23:00:00,938.0,23,0,False,False,Low,7.410000000000025,Medium,Low,0
,280.56,0.0,0.0,46,Clear,sky is clear,2012-11-06 00:00:00,537.0,0,1,False,False,Low,7.410000000000025,Medium,Low,0
,274.41,0.0,0.0,98,Clear,sky is clear,2012-11-06 01:00:00,313.0,1,1,False,False,Low,1.2600000000000477,High,Low,0
,274.41,0.0,0.0,98,Clear,sky is clear,2012-11-06 02:00:00,256.0,2,1,False,False,Low,1.2600000000000477,High,Low,0
,274.41,0.0,0.0,98,Clear,sky is clear,2012-11-06 03:00:00,356.0,3,1,False,False,Low,1.2600000000000477,High,Low,0
,274.41,0.0,0.0,98,Clear,sky is clear,2012-11-06 04:00:00,788.0,4,1,False,False,Low,1.2600000000000477,High,Low,0
,274.41,0.0,0.0,98,Clear,sky is clear,2012-11-06 05:00:00,2565.0,5,1,False,False,Medium,1.2600000000000477,High,Low,0
,274.41,0.0,0.0,98,Clear,sky is clear,2012-11-06 06:00:00,5330.0,6,1,False,False,High,1.2600000000000477,High,Low,0
,274.91,0.0,0.0,99,Clear,sky is clear,2012-11-06 07:00:00,6181.0,7,1,False,True,High,1.7600000000000477,High,Low,0
,274.91,0.0,0.0,99,Clear,sky is clear,2012-11-06 08:00:00,6182.0,8,1,False,True,High,1.7600000000000477,High,Low,0
,274.91,0.0,0.0,99,Clear,sky is clear,2012-11-06 09:00:00,5720.0,9,1,False,True,High,1.7600000000000477,High,Low,0
,274.91,0.0,0.0,99,Clear,sky is clear,2012-11-06 10:00:00,4612.0,10,1,False,False,Medium,1.7600000000000477,High,Low,0
,277.12,0.0,0.0,90,Mist,mist,2012-11-06 12:00:00,4666.0,12,1,False,False,High,3.9700000000000273,High,Low,0
,278.04,0.0,0.0,90,Clouds,overcast clouds,2012-11-06 13:00:00,5022.0,13,1,False,False,High,4.890000000000043,High,Low,0
,278.19,0.0,0.0,90,Clouds,overcast clouds,2012-11-06 14:00:00,5490.0,14,1,False,False,High,5.0400000000000205,Medium,Low,0
,278.38,0.0,0.0,90,Clouds,overcast clouds,2012-11-06 15:00:00,5973.0,15,1,False,False,High,5.230000000000018,Medium,Low,0
,278.59,0.0,0.0,90,Mist,mist,2012-11-06 16:00:00,6201.0,16,1,False,True,High,5.439999999999998,Medium,Low,0
,278.65,0.0,0.0,90,Mist,mist,2012-11-06 17:00:00,5453.0,17,1,False,True,High,5.5,Medium,Low,0
,278.74,0.0,0.0,90,Haze,haze,2012-11-06 18:00:00,3921.0,18,1,False,True,Medium,5.590000000000032,Medium,Low,0
,278.74,0.0,0.0,90,Mist,mist,2012-11-06 18:00:00,3921.0,18,1,False,True,Medium,5.590000000000032,Medium,Low,0
,278.87,0.0,0.0,90,Haze,haze,2012-11-06 19:00:00,2835.0,19,1,False,False,Medium,5.720000000000027,Medium,Low,0
,278.87,0.0,0.0,90,Mist,mist,2012-11-06 19:00:00,2835.0,19,1,False,False,Medium,5.720000000000027,Medium,Low,0
,279.02,0.0,0.0,90,Haze,haze,2012-11-06 20:00:00,2450.0,20,1,False,False,Medium,5.8700000000000045,Medium,Low,0
,279.02,0.0,0.0,90,Mist,mist,2012-11-06 20:00:00,2450.0,20,1,False,False,Medium,5.8700000000000045,Medium,Low,0
,278.84,0.0,0.0,90,Haze,haze,2012-11-06 21:00:00,2078.0,21,1,False,False,Low,5.689999999999998,Medium,Low,0
,278.84,0.0,0.0,90,Drizzle,heavy intensity drizzle,2012-11-06 21:00:00,2078.0,21,1,False,False,Low,5.689999999999998,Medium,Low,0
,278.84,0.0,0.0,90,Mist,mist,2012-11-06 21:00:00,2078.0,21,1,False,False,Low,5.689999999999998,Medium,Low,0
,278.56,0.0,0.0,90,Haze,haze,2012-11-06 22:00:00,1671.0,22,1,False,False,Low,5.410000000000025,Medium,Low,0
,278.56,0.0,0.0,90,Rain,light rain,2012-11-06 22:00:00,1671.0,22,1,False,False,Low,5.410000000000025,Medium,Low,0
,278.56,0.0,0.0,90,Drizzle,drizzle,2012-11-06 22:00:00,1671.0,22,1,False,False,Low,5.410000000000025,Medium,Low,0
,278.5,0.0,0.0,90,Haze,haze,2012-11-06 23:00:00,1472.0,23,1,False,False,Low,5.350000000000023,Medium,Low,0
,278.5,0.0,0.0,90,Mist,mist,2012-11-06 23:00:00,1472.0,23,1,False,False,Low,5.350000000000023,Medium,Low,0
,278.03,0.0,0.0,90,Haze,haze,2012-11-07 00:00:00,792.0,0,2,False,False,Low,4.8799999999999955,High,Low,0
,278.03,0.0,0.0,90,Rain,light rain,2012-11-07 00:00:00,792.0,0,2,False,False,Low,4.8799999999999955,High,Low,0
,278.03,0.0,0.0,90,Mist,mist,2012-11-07 00:00:00,792.0,0,2,False,False,Low,4.8799999999999955,High,Low,0
,277.28,0.0,0.0,90,Rain,light rain,2012-11-07 01:00:00,811.0,1,2,False,False,Low,4.1299999999999955,High,Low,0
,277.28,0.0,0.0,90,Mist,mist,2012-11-07 01:00:00,811.0,1,2,False,False,Low,4.1299999999999955,High,Low,0
,277.06,0.0,0.0,90,Rain,light rain,2012-11-07 02:00:00,671.0,2,2,False,False,Low,3.910000000000025,High,Low,0
,277.06,0.0,0.0,90,Mist,mist,2012-11-07 02:00:00,671.0,2,2,False,False,Low,3.910000000000025,High,Low,0
,277.06,0.0,0.0,90,Rain,moderate rain,2012-11-07 02:00:00,671.0,2,2,False,False,Low,3.910000000000025,High,Low,0
,277.06,0.0,0.0,90,Snow,snow,2012-11-07 02:00:00,671.0,2,2,False,False,Low,3.910000000000025,High,Low,0
,276.83,0.0,0.0,90,Rain,light rain,2012-11-07 03:00:00,474.0,3,2,False,False,Low,3.680000000000007,High,Low,0
,276.83,0.0,0.0,90,Mist,mist,2012-11-07 03:00:00,474.0,3,2,False,False,Low,3.680000000000007,High,Low,0
,276.83,0.0,0.0,90,Rain,moderate rain,2012-11-07 03:00:00,474.0,3,2,False,False,Low,3.680000000000007,High,Low,0
,277.15,0.0,0.0,90,Rain,light rain,2012-11-07 04:00:00,790.0,4,2,False,False,Low,4.0,High,Low,0
,277.15,0.0,0.0,90,Mist,mist,2012-11-07 04:00:00,790.0,4,2,False,False,Low,4.0,High,Low,0
,277.57,0.0,0.0,90,Rain,light rain,2012-11-07 05:00:00,2619.0,5,2,False,False,Medium,4.420000000000016,High,Low,0
,277.57,0.0,0.0,90,Mist,mist,2012-11-07 05:00:00,2619.0,5,2,False,False,Medium,4.420000000000016,High,Low,0
,277.51,0.0,0.0,90,Rain,light rain,2012-11-07 06:00:00,5788.0,6,2,False,False,High,4.360000000000014,High,Low,0
,277.51,0.0,0.0,90,Mist,mist,2012-11-07 06:00:00,5788.0,6,2,False,False,High,4.360000000000014,High,Low,0
,277.51,0.0,0.0,90,Drizzle,light intensity drizzle,2012-11-07 06:00:00,5788.0,6,2,False,False,High,4.360000000000014,High,Low,0
,277.41,0.0,0.0,90,Drizzle,light intensity drizzle,2012-11-07 07:00:00,7088.0,7,2,False,True,High,4.260000000000048,High,Low,0
,277.41,0.0,0.0,90,Mist,mist,2012-11-07 07:00:00,7088.0,7,2,False,True,High,4.260000000000048,High,Low,0
,277.68,0.0,0.0,90,Mist,mist,2012-11-07 08:00:00,6264.0,8,2,False,True,High,4.53000000000003,High,Low,0
,277.68,0.0,0.0,90,Drizzle,drizzle,2012-11-07 08:00:00,6264.0,8,2,False,True,High,4.53000000000003,High,Low,0
,278.15,0.0,0.0,90,Clouds,overcast clouds,2012-11-07 09:00:00,5230.0,9,2,False,True,High,5.0,Medium,Low,0
,278.42,0.0,0.0,90,Clouds,overcast clouds,2012-11-07 10:00:00,4567.0,10,2,False,False,Medium,5.270000000000039,Medium,Low,0
,278.61,0.0,0.0,90,Clouds,overcast clouds,2012-11-07 11:00:00,4769.0,11,2,False,False,High,5.460000000000036,Medium,Low,0
,279.14,0.0,0.0,90,Clouds,overcast clouds,2012-11-07 12:00:00,5011.0,12,2,False,False,High,5.990000000000009,Medium,Low,0
,278.99,0.0,0.0,90,Clouds,overcast clouds,2012-11-07 13:00:00,4889.0,13,2,False,False,High,5.840000000000032,Medium,Low,0
,278.83,0.0,0.0,90,Rain,light rain,2012-11-07 14:00:00,5367.0,14,2,False,False,High,5.680000000000007,Medium,Low,0
,278.57,0.0,0.0,90,Rain,light rain,2012-11-07 15:00:00,5678.0,15,2,False,False,High,5.420000000000016,Medium,Low,0
,278.57,0.0,0.0,90,Drizzle,light intensity drizzle,2012-11-07 15:00:00,5678.0,15,2,False,False,High,5.420000000000016,Medium,Low,0
,278.21,0.0,0.0,90,Rain,light rain,2012-11-07 16:00:00,6267.0,16,2,False,True,High,5.060000000000002,Medium,Low,0
,278.21,0.0,0.0,90,Mist,mist,2012-11-07 16:00:00,6267.0,16,2,False,True,High,5.060000000000002,Medium,Low,0
,278.21,0.0,0.0,90,Drizzle,drizzle,2012-11-07 16:00:00,6267.0,16,2,False,True,High,5.060000000000002,Medium,Low,0
,278.21,0.0,0.0,90,Drizzle,light intensity drizzle,2012-11-07 16:00:00,6267.0,16,2,False,True,High,5.060000000000002,Medium,Low,0
,277.96,0.0,0.0,90,Mist,mist,2012-11-07 17:00:00,6057.0,17,2,False,True,High,4.810000000000002,High,Low,0
,277.96,0.0,0.0,90,Rain,moderate rain,2012-11-07 17:00:00,6057.0,17,2,False,True,High,4.810000000000002,High,Low,0
,277.51,0.0,0.0,90,Mist,mist,2012-11-07 18:00:00,4883.0,18,2,False,True,High,4.360000000000014,High,Low,0
,277.18,0.0,0.0,90,Clouds,overcast clouds,2012-11-07 19:00:00,2927.0,19,2,False,False,Medium,4.03000000000003,High,Low,0
,277.08,0.0,0.0,90,Clouds,overcast clouds,2012-11-07 20:00:00,2594.0,20,2,False,False,Medium,3.930000000000007,High,Low,0
,276.98,0.0,0.0,90,Clouds,overcast clouds,2012-11-07 21:00:00,2347.0,21,2,False,False,Medium,3.830000000000041,High,Low,0
,276.93,0.0,0.0,90,Rain,light rain,2012-11-07 22:00:00,1544.0,22,2,False,False,Low,3.7800000000000296,High,Low,0
,276.76,0.0,0.0,90,Clouds,overcast clouds,2012-11-07 23:00:00,1219.0,23,2,False,False,Low,3.6100000000000136,High,Low,0
,276.79,0.0,0.0,90,Clouds,overcast clouds,2012-11-08 00:00:00,783.0,0,3,False,False,Low,3.640000000000043,High,Low,0
,276.64,0.0,0.0,90,Clouds,overcast clouds,2012-11-08 01:00:00,357.0,1,3,False,False,Low,3.490000000000009,High,Low,0
,276.41,0.0,0.0,90,Clouds,overcast clouds,2012-11-08 02:00:00,286.0,2,3,False,False,Low,3.2600000000000477,High,Low,0
,276.32,0.0,0.0,90,Clouds,overcast clouds,2012-11-08 03:00:00,396.0,3,3,False,False,Low,3.170000000000016,High,Low,0
,276.32,0.0,0.0,90,Clouds,overcast clouds,2012-11-08 04:00:00,791.0,4,3,False,False,Low,3.170000000000016,High,Low,0
,276.29,0.0,0.0,90,Clouds,overcast clouds,2012-11-08 05:00:00,2681.0,5,3,False,False,Medium,3.140000000000043,High,Low,0
,276.29,0.0,0.0,90,Clouds,overcast clouds,2012-11-08 06:00:00,5614.0,6,3,False,False,High,3.140000000000043,High,Low,0
,276.38,0.0,0.0,90,Clouds,overcast clouds,2012-11-08 07:00:00,6834.0,7,3,False,True,High,3.230000000000018,High,Low,0
,276.94,0.0,0.0,90,Clouds,overcast clouds,2012-11-08 08:00:00,6280.0,8,3,False,True,High,3.7900000000000205,High,Low,0
,277.39,0.0,0.0,90,Clouds,overcast clouds,2012-11-08 09:00:00,5460.0,9,3,False,True,High,4.240000000000009,High,Low,0
,278.31,0.0,0.0,90,Clouds,overcast clouds,2012-11-08 10:00:00,4670.0,10,3,False,False,High,5.160000000000025,Medium,Low,0
,278.71,0.0,0.0,90,Clouds,overcast clouds,2012-11-08 11:00:00,5071.0,11,3,False,False,High,5.560000000000002,Medium,Low,0
,279.86,0.0,0.0,90,Clouds,overcast clouds,2012-11-08 12:00:00,5246.0,12,3,False,False,High,6.710000000000036,Medium,Low,0
,279.97,0.0,0.0,75,Clouds,broken clouds,2012-11-08 13:00:00,5039.0,13,3,False,False,High,6.82000000000005,Medium,Low,0
,280.53,0.0,0.0,90,Clouds,overcast clouds,2012-11-08 14:00:00,5411.0,14,3,False,False,High,7.3799999999999955,Medium,Low,0
,280.57,0.0,0.0,90,Clouds,overcast clouds,2012-11-08 15:00:00,5866.0,15,3,False,False,High,7.420000000000016,Medium,Low,0
,280.3,0.0,0.0,90,Clouds,overcast clouds,2012-11-08 16:00:00,6556.0,16,3,False,True,High,7.150000000000034,Medium,Low,0
,279.79,0.0,0.0,90,Clouds,overcast clouds,2012-11-08 17:00:00,6204.0,17,3,False,True,High,6.640000000000043,Medium,Low,0
,278.91,0.0,0.0,90,Clouds,overcast clouds,2012-11-08 18:00:00,4688.0,18,3,False,True,High,5.760000000000048,Medium,Low,0
,277.79,0.0,0.0,40,Clouds,scattered clouds,2012-11-08 19:00:00,3326.0,19,3,False,False,Medium,4.640000000000043,High,Low,0
,277.0,0.0,0.0,75,Clouds,broken clouds,2012-11-08 20:00:00,3229.0,20,3,False,False,Medium,3.8500000000000227,High,Low,0
,276.52,0.0,0.0,75,Clouds,broken clouds,2012-11-08 21:00:00,2790.0,21,3,False,False,Medium,3.3700000000000045,High,Low,0
,276.25,0.0,0.0,40,Clouds,scattered clouds,2012-11-08 22:00:00,1946.0,22,3,False,False,Low,3.1000000000000227,High,Low,0
,276.1,0.0,0.0,90,Clouds,overcast clouds,2012-11-08 23:00:00,1181.0,23,3,False,False,Low,2.9500000000000455,High,Low,0
,276.1,0.0,0.0,75,Clouds,broken clouds,2012-11-09 00:00:00,649.0,0,4,False,False,Low,2.9500000000000455,High,Low,0
,275.91,0.0,0.0,40,Clouds,scattered clouds,2012-11-09 01:00:00,422.0,1,4,False,False,Low,2.7600000000000477,High,Low,0
,275.69,0.0,0.0,40,Clouds,scattered clouds,2012-11-09 02:00:00,340.0,2,4,False,False,Low,2.5400000000000205,High,Low,0
,275.4,0.0,0.0,40,Clouds,scattered clouds,2012-11-09 03:00:00,365.0,3,4,False,False,Low,2.25,High,Low,0
,275.44,0.0,0.0,20,Clouds,few clouds,2012-11-09 04:00:00,683.0,4,4,False,False,Low,2.2900000000000205,High,Low,0
,275.35,0.0,0.0,20,Clouds,few clouds,2012-11-09 05:00:00,2471.0,5,4,False,False,Medium,2.2000000000000455,High,Low,0
,275.4,0.0,0.0,1,Clear,sky is clear,2012-11-09 06:00:00,5538.0,6,4,False,False,High,2.25,High,Low,0
,275.4,0.0,0.0,1,Clear,sky is clear,2012-11-09 07:00:00,6880.0,7,4,False,True,High,2.25,High,Low,0
,275.89,0.0,0.0,1,Clear,sky is clear,2012-11-09 08:00:00,5906.0,8,4,False,True,High,2.740000000000009,High,Low,0
,277.07,0.0,0.0,1,Clear,sky is clear,2012-11-09 09:00:00,5234.0,9,4,False,True,High,3.920000000000016,High,Low,0
,278.66,0.0,0.0,1,Clear,sky is clear,2012-11-09 10:00:00,4719.0,10,4,False,False,High,5.510000000000048,Medium,Low,0
,282.16,0.0,0.0,75,Clouds,broken clouds,2012-11-09 11:00:00,5304.0,11,4,False,False,High,9.010000000000048,Medium,Low,0
,282.49,0.0,0.0,1,Clear,sky is clear,2012-11-09 12:00:00,5487.0,12,4,False,False,High,9.340000000000032,Medium,Low,0
,284.21,0.0,0.0,40,Clouds,scattered clouds,2012-11-09 13:00:00,5532.0,13,4,False,False,High,11.060000000000002,Medium,Low,0
,284.57,0.0,0.0,40,Clouds,scattered clouds,2012-11-09 14:00:00,5816.0,14,4,False,False,High,11.420000000000016,Medium,Low,0
,284.64,0.0,0.0,75,Clouds,broken clouds,2012-11-09 15:00:00,5958.0,15,4,False,False,High,11.490000000000009,Medium,Low,0
,284.11,0.0,0.0,40,Clouds,scattered clouds,2012-11-09 16:00:00,6455.0,16,4,False,True,High,10.960000000000036,Medium,Low,0
,282.06,0.0,0.0,40,Clouds,scattered clouds,2012-11-09 17:00:00,6154.0,17,4,False,True,High,8.910000000000025,Medium,Low,0
,279.8,0.0,0.0,20,Clouds,few clouds,2012-11-09 18:00:00,5330.0,18,4,False,True,High,6.650000000000034,Medium,Low,0
,278.54,0.0,0.0,20,Clouds,few clouds,2012-11-09 19:00:00,3540.0,19,4,False,False,Medium,5.390000000000043,Medium,Low,0
,278.09,0.0,0.0,1,Clear,sky is clear,2012-11-09 20:00:00,3193.0,20,4,False,False,Medium,4.939999999999998,High,Low,0
,277.88,0.0,0.0,1,Clear,sky is clear,2012-11-09 21:00:00,2948.0,21,4,False,False,Medium,4.730000000000018,High,Low,0
,277.36,0.0,0.0,20,Clouds,few clouds,2012-11-09 22:00:00,2496.0,22,4,False,False,Medium,4.210000000000036,High,Low,0
,277.25,0.0,0.0,20,Clouds,few clouds,2012-11-09 23:00:00,1707.0,23,4,False,False,Low,4.100000000000023,High,Low,0
,276.64,0.0,0.0,1,Clear,sky is clear,2012-11-10 00:00:00,1090.0,0,5,True,False,Low,3.490000000000009,High,Low,0
,275.98,0.0,0.0,1,Clear,sky is clear,2012-11-10 01:00:00,735.0,1,5,True,False,Low,2.830000000000041,High,Low,0
,275.73,0.0,0.0,1,Clear,sky is clear,2012-11-10 02:00:00,537.0,2,5,True,False,Low,2.580000000000041,High,Low,0
,275.63,0.0,0.0,20,Clouds,few clouds,2012-11-10 03:00:00,371.0,3,5,True,False,Low,2.480000000000018,High,Low,0
,275.29,0.0,0.0,20,Clouds,few clouds,2012-11-10 04:00:00,397.0,4,5,True,False,Low,2.140000000000043,High,Low,0
,275.25,0.0,0.0,75,Clouds,broken clouds,2012-11-10 05:00:00,696.0,5,5,True,False,Low,2.1000000000000227,High,Low,0
,275.1,0.0,0.0,40,Mist,mist,2012-11-10 06:00:00,1301.0,6,5,True,False,Low,1.9500000000000455,High,Low,0
,275.23,0.0,0.0,40,Clouds,scattered clouds,2012-11-10 07:00:00,1932.0,7,5,True,False,Low,2.080000000000041,High,Low,0
,276.09,0.0,0.0,20,Clouds,few clouds,2012-11-10 08:00:00,2952.0,8,5,True,False,Medium,2.9399999999999977,High,Low,0
,277.86,0.0,0.0,20,Clouds,few clouds,2012-11-10 09:00:00,3529.0,9,5,True,False,Medium,4.710000000000036,High,Low,0
,280.05,0.0,0.0,20,Clouds,few clouds,2012-11-10 10:00:00,3837.0,10,5,True,False,Medium,6.900000000000034,Medium,Low,0
,281.75,0.0,0.0,20,Clouds,few clouds,2012-11-10 11:00:00,4338.0,11,5,True,False,Medium,8.600000000000023,Medium,Low,0
,283.15,0.0,0.0,20,Clouds,few clouds,2012-11-10 12:00:00,4762.0,12,5,True,False,High,10.0,Medium,Low,0
,283.99,0.0,0.0,75,Clouds,broken clouds,2012-11-10 13:00:00,4367.0,13,5,True,False,Medium,10.840000000000032,Medium,Low,0
,284.03,0.0,0.0,75,Clouds,broken clouds,2012-11-10 14:00:00,4369.0,14,5,True,False,Medium,10.879999999999995,Medium,Low,0
,283.98,0.0,0.0,1,Clear,sky is clear,2012-11-10 15:00:00,4536.0,15,5,True,False,Medium,10.830000000000041,Medium,Low,0
,283.0,0.0,0.0,1,Clear,sky is clear,2012-11-10 16:00:00,4520.0,16,5,True,False,Medium,9.850000000000023,Medium,Low,0
,281.46,0.0,0.0,90,Clouds,overcast clouds,2012-11-10 17:00:00,4677.0,17,5,True,False,High,8.310000000000002,Medium,Low,0
,280.71,0.0,0.0,90,Clouds,overcast clouds,2012-11-10 18:00:00,4025.0,18,5,True,False,Medium,7.560000000000002,Medium,Low,0
,280.24,0.0,0.0,90,Clouds,overcast clouds,2012-11-10 19:00:00,3128.0,19,5,True,False,Medium,7.090000000000032,Medium,Low,0
,280.18,0.0,0.0,90,Clouds,overcast clouds,2012-11-10 20:00:00,2905.0,20,5,True,False,Medium,7.03000000000003,Medium,Low,0
,280.08,0.0,0.0,90,Clouds,overcast clouds,2012-11-10 21:00:00,2853.0,21,5,True,False,Medium,6.930000000000007,Medium,Low,0
,280.23,0.0,0.0,90,Clouds,overcast clouds,2012-11-10 22:00:00,3288.0,22,5,True,False,Medium,7.080000000000041,Medium,Low,0
,280.33,0.0,0.0,90,Clouds,overcast clouds,2012-11-10 23:00:00,2239.0,23,5,True,False,Medium,7.180000000000007,Medium,Low,0
,280.27,0.0,0.0,90,Haze,haze,2012-11-11 00:00:00,1381.0,0,6,True,False,Low,7.1200000000000045,Medium,Low,0
,279.87,0.0,0.0,90,Drizzle,light intensity drizzle,2012-11-11 01:00:00,922.0,1,6,True,False,Low,6.720000000000027,Medium,Low,0
,279.87,0.0,0.0,90,Rain,light rain,2012-11-11 01:00:00,922.0,1,6,True,False,Low,6.720000000000027,Medium,Low,0
,279.87,0.0,0.0,90,Haze,haze,2012-11-11 01:00:00,922.0,1,6,True,False,Low,6.720000000000027,Medium,Low,0
,279.87,0.0,0.0,90,Mist,mist,2012-11-11 01:00:00,922.0,1,6,True,False,Low,6.720000000000027,Medium,Low,0
,280.01,0.0,0.0,90,Mist,mist,2012-11-11 02:00:00,626.0,2,6,True,False,Low,6.860000000000014,Medium,Low,0
,280.01,0.0,0.0,90,Haze,haze,2012-11-11 02:00:00,626.0,2,6,True,False,Low,6.860000000000014,Medium,Low,0
,280.01,0.0,0.0,90,Drizzle,light intensity drizzle,2012-11-11 02:00:00,626.0,2,6,True,False,Low,6.860000000000014,Medium,Low,0
,280.26,0.0,0.0,90,Rain,light rain,2012-11-11 03:00:00,331.0,3,6,True,False,Low,7.110000000000014,Medium,Low,0
,280.26,0.0,0.0,90,Mist,mist,2012-11-11 03:00:00,331.0,3,6,True,False,Low,7.110000000000014,Medium,Low,0
,280.26,0.0,0.0,90,Haze,haze,2012-11-11 03:00:00,331.0,3,6,True,False,Low,7.110000000000014,Medium,Low,0
,280.26,0.0,0.0,90,Thunderstorm,proximity thunderstorm,2012-11-11 03:00:00,331.0,3,6,True,False,Low,7.110000000000014,Medium,Low,0
,280.1,0.0,0.0,90,Thunderstorm,thunderstorm with light rain,2012-11-11 04:00:00,304.0,4,6,True,False,Low,6.9500000000000455,Medium,Low,0
,280.1,0.0,0.0,90,Mist,mist,2012-11-11 04:00:00,304.0,4,6,True,False,Low,6.9500000000000455,Medium,Low,0
,280.1,0.0,0.0,90,Haze,haze,2012-11-11 04:00:00,304.0,4,6,True,False,Low,6.9500000000000455,Medium,Low,0
,280.1,0.0,0.0,90,Thunderstorm,thunderstorm with heavy rain,2012-11-11 04:00:00,304.0,4,6,True,False,Low,6.9500000000000455,Medium,Low,0
,280.1,0.0,0.0,90,Drizzle,light intensity drizzle,2012-11-11 04:00:00,304.0,4,6,True,False,Low,6.9500000000000455,Medium,Low,0
,279.9,0.0,0.0,90,Mist,mist,2012-11-11 05:00:00,462.0,5,6,True,False,Low,6.75,Medium,Low,0
,279.9,0.0,0.0,90,Thunderstorm,thunderstorm with heavy rain,2012-11-11 05:00:00,462.0,5,6,True,False,Low,6.75,Medium,Low,0
,279.9,0.0,0.0,90,Rain,light rain,2012-11-11 05:00:00,462.0,5,6,True,False,Low,6.75,Medium,Low,0
,279.79,0.0,0.0,90,Thunderstorm,thunderstorm with light rain,2012-11-11 06:00:00,793.0,6,6,True,False,Low,6.640000000000043,Medium,Low,0
,279.79,0.0,0.0,90,Mist,mist,2012-11-11 06:00:00,793.0,6,6,True,False,Low,6.640000000000043,Medium,Low,0
,279.79,0.0,0.0,90,Rain,heavy intensity rain,2012-11-11 06:00:00,793.0,6,6,True,False,Low,6.640000000000043,Medium,Low,0
,279.79,0.0,0.0,90,Rain,light rain,2012-11-11 06:00:00,793.0,6,6,True,False,Low,6.640000000000043,Medium,Low,0
,279.95,0.0,0.0,90,Drizzle,light intensity drizzle,2012-11-11 07:00:00,1120.0,7,6,True,False,Low,6.800000000000011,Medium,Low,0
,279.95,0.0,0.0,90,Mist,mist,2012-11-11 07:00:00,1120.0,7,6,True,False,Low,6.800000000000011,Medium,Low,0
,279.95,0.0,0.0,90,Rain,light rain,2012-11-11 07:00:00,1120.0,7,6,True,False,Low,6.800000000000011,Medium,Low,0
,279.91,0.0,0.0,90,Mist,mist,2012-11-11 08:00:00,1797.0,8,6,True,False,Low,6.760000000000048,Medium,Low,0
,279.91,0.0,0.0,90,Drizzle,drizzle,2012-11-11 08:00:00,1797.0,8,6,True,False,Low,6.760000000000048,Medium,Low,0
,280.43,0.0,0.0,90,Mist,mist,2012-11-11 09:00:00,2687.0,9,6,True,False,Medium,7.28000000000003,Medium,Low,0
,280.43,0.0,0.0,90,Rain,light rain,2012-11-11 09:00:00,2687.0,9,6,True,False,Medium,7.28000000000003,Medium,Low,0
,280.43,0.0,0.0,90,Drizzle,light intensity drizzle,2012-11-11 09:00:00,2687.0,9,6,True,False,Medium,7.28000000000003,Medium,Low,0
,280.43,0.0,0.0,90,Drizzle,drizzle,2012-11-11 09:00:00,2687.0,9,6,True,False,Medium,7.28000000000003,Medium,Low,0
,280.43,0.0,0.0,90,Rain,moderate rain,2012-11-11 09:00:00,2687.0,9,6,True,False,Medium,7.28000000000003,Medium,Low,0
,281.02,0.0,0.0,90,Mist,mist,2012-11-11 10:00:00,3961.0,10,6,True,False,Medium,7.8700000000000045,Medium,Low,0
,281.02,0.0,0.0,90,Rain,light rain,2012-11-11 10:00:00,3961.0,10,6,True,False,Medium,7.8700000000000045,Medium,Low,0
,282.05,0.0,0.0,90,Mist,mist,2012-11-11 11:00:00,4086.0,11,6,True,False,Medium,8.900000000000034,Medium,Low,0
,283.42,0.0,0.0,90,Mist,mist,2012-11-11 12:00:00,3710.0,12,6,True,False,Medium,10.270000000000039,Medium,Low,0
,283.42,0.0,0.0,90,Drizzle,drizzle,2012-11-11 12:00:00,3710.0,12,6,True,False,Medium,10.270000000000039,Medium,Low,0
,284.94,0.0,0.0,75,Mist,mist,2012-11-11 13:00:00,3733.0,13,6,True,False,Medium,11.79000000000002,Medium,Low,0
,284.94,0.0,0.0,75,Haze,haze,2012-11-11 13:00:00,3733.0,13,6,True,False,Medium,11.79000000000002,Medium,Low,0
,287.6,0.0,0.0,20,Haze,haze,2012-11-11 14:00:00,3666.0,14,6,True,False,Medium,14.450000000000045,Medium,Low,0
,287.6,0.0,0.0,20,Mist,mist,2012-11-11 14:00:00,3666.0,14,6,True,False,Medium,14.450000000000045,Medium,Low,0
,289.71,0.0,0.0,20,Haze,haze,2012-11-11 15:00:00,4012.0,15,6,True,False,Medium,16.560000000000002,Low,Low,0
,289.71,0.0,0.0,20,Mist,mist,2012-11-11 15:00:00,4012.0,15,6,True,False,Medium,16.560000000000002,Low,Low,0
,291.14,0.0,0.0,20,Mist,mist,2012-11-11 16:00:00,4169.0,16,6,True,False,Medium,17.99000000000001,Low,Low,0
,290.28,0.0,0.0,20,Mist,mist,2012-11-11 17:00:00,3636.0,17,6,True,False,Medium,17.129999999999995,Low,Low,0
,288.29,0.0,0.0,20,Thunderstorm,proximity thunderstorm,2012-11-11 18:00:00,3390.0,18,6,True,False,Medium,15.140000000000043,Low,Low,0
,288.29,0.0,0.0,20,Mist,mist,2012-11-11 18:00:00,3390.0,18,6,True,False,Medium,15.140000000000043,Low,Low,0
,289.25,0.0,0.0,40,Mist,mist,2012-11-11 19:00:00,2660.0,19,6,True,False,Medium,16.100000000000023,Low,Low,0
,291.57,0.0,0.0,90,Clouds,overcast clouds,2012-11-11 20:00:00,2173.0,20,6,True,False,Medium,18.420000000000016,Low,Low,0
,291.28,0.0,0.0,87,Clear,sky is clear,2012-11-11 21:00:00,1924.0,21,6,True,False,Low,18.129999999999995,Low,Low,0
,288.12,0.0,0.0,87,Clear,sky is clear,2012-11-11 23:00:00,2863.0,23,6,True,False,Medium,14.970000000000027,Medium,Low,0
Veterans Day,288.12,0.0,0.0,87,Clear,sky is clear,2012-11-12 00:00:00,1000.0,0,0,False,False,Low,14.970000000000027,Medium,Low,1
,282.74,0.0,0.0,98,Clear,sky is clear,2012-11-12 01:00:00,352.0,1,0,False,False,Low,9.590000000000032,Medium,Low,0
,282.74,0.0,0.0,98,Clear,sky is clear,2012-11-12 02:00:00,263.0,2,0,False,False,Low,9.590000000000032,Medium,Low,0
,282.74,0.0,0.0,98,Clear,sky is clear,2012-11-12 03:00:00,341.0,3,0,False,False,Low,9.590000000000032,Medium,Low,0
,282.74,0.0,0.0,98,Clear,sky is clear,2012-11-12 04:00:00,761.0,4,0,False,False,Low,9.590000000000032,Medium,Low,0
,282.74,0.0,0.0,98,Clear,sky is clear,2012-11-12 05:00:00,2467.0,5,0,False,False,Medium,9.590000000000032,Medium,Low,0
,282.74,0.0,0.0,98,Clear,sky is clear,2012-11-12 06:00:00,5242.0,6,0,False,False,High,9.590000000000032,Medium,Low,0
,273.9,0.0,0.0,99,Clear,sky is clear,2012-11-12 07:00:00,5390.0,7,0,False,True,High,0.75,High,Low,0
,273.9,0.0,0.0,99,Clear,sky is clear,2012-11-12 08:00:00,2029.0,8,0,False,True,Low,0.75,High,Low,0
,273.9,0.0,0.0,99,Clear,sky is clear,2012-11-12 09:00:00,2096.0,9,0,False,True,Low,0.75,High,Low,0
,272.42,0.0,0.0,90,Clouds,overcast clouds,2012-11-12 10:00:00,2892.0,10,0,False,False,Medium,-0.7299999999999613,High,Low,0
,272.09,0.0,0.0,90,Snow,heavy snow,2012-11-12 11:00:00,4245.0,11,0,False,False,Medium,-1.0600000000000023,High,Low,0
,272.09,0.0,0.0,90,Mist,mist,2012-11-12 11:00:00,4245.0,11,0,False,False,Medium,-1.0600000000000023,High,Low,0
,271.94,0.0,0.0,90,Snow,heavy snow,2012-11-12 12:00:00,4148.0,12,0,False,False,Medium,-1.2099999999999795,High,Low,0
,271.85,0.0,0.0,90,Clouds,overcast clouds,2012-11-12 13:00:00,4362.0,13,0,False,False,Medium,-1.2999999999999545,High,Low,0
,271.4,0.0,0.0,90,Clouds,overcast clouds,2012-11-12 14:00:00,4619.0,14,0,False,False,Medium,-1.75,High,Low,0
,271.25,0.0,0.0,90,Clouds,overcast clouds,2012-11-12 15:00:00,4755.0,15,0,False,False,High,-1.8999999999999773,High,Low,0
,270.6,0.0,0.0,90,Clouds,overcast clouds,2012-11-12 16:00:00,5187.0,16,0,False,True,High,-2.5499999999999545,High,Low,0
,270.07,0.0,0.0,90,Clouds,overcast clouds,2012-11-12 17:00:00,5186.0,17,0,False,True,High,-3.079999999999984,High,Low,0
,269.76,0.0,0.0,90,Clouds,overcast clouds,2012-11-12 18:00:00,3854.0,18,0,False,True,Medium,-3.3899999999999864,High,Low,0
,269.71,0.0,0.0,90,Clouds,overcast clouds,2012-11-12 19:00:00,2641.0,19,0,False,False,Medium,-3.4399999999999977,High,Low,0
,269.19,0.0,0.0,90,Snow,heavy snow,2012-11-12 20:00:00,2222.0,20,0,False,False,Medium,-3.9599999999999795,High,Low,0
,268.91,0.0,0.0,90,Snow,heavy snow,2012-11-12 21:00:00,1943.0,21,0,False,False,Low,-4.239999999999952,High,Low,0
,268.39,0.0,0.0,90,Snow,heavy snow,2012-11-12 22:00:00,1437.0,22,0,False,False,Low,-4.759999999999991,High,Low,0
,267.27,0.0,0.0,90,Snow,heavy snow,2012-11-12 23:00:00,2409.0,23,0,False,False,Medium,-5.8799999999999955,High,Low,0
,267.05,0.0,0.0,90,Snow,heavy snow,2012-11-13 00:00:00,905.0,0,1,False,False,Low,-6.099999999999966,High,Low,0
,266.64,0.0,0.0,90,Clouds,overcast clouds,2012-11-13 01:00:00,367.0,1,1,False,False,Low,-6.509999999999991,High,Low,0
,266.58,0.0,0.0,90,Snow,heavy snow,2012-11-13 02:00:00,290.0,2,1,False,False,Low,-6.569999999999993,High,Low,0
,266.02,0.0,0.0,75,Clouds,broken clouds,2012-11-13 03:00:00,317.0,3,1,False,False,Low,-7.1299999999999955,High,Low,0
,265.93,0.0,0.0,90,Clouds,overcast clouds,2012-11-13 04:00:00,775.0,4,1,False,False,Low,-7.21999999999997,High,Low,0
,266.15,0.0,0.0,20,Snow,heavy snow,2012-11-13 05:00:00,2571.0,5,1,False,False,Medium,-7.0,High,Low,0
,266.42,0.0,0.0,75,Snow,heavy snow,2012-11-13 06:00:00,5541.0,6,1,False,False,High,-6.729999999999961,High,Low,0
,266.85,0.0,0.0,90,Snow,heavy snow,2012-11-13 07:00:00,6529.0,7,1,False,True,High,-6.2999999999999545,High,Low,0
,266.86,0.0,0.0,90,Snow,heavy snow,2012-11-13 08:00:00,6242.0,8,1,False,True,High,-6.289999999999964,High,Low,0
,266.86,0.0,0.0,90,Mist,mist,2012-11-13 08:00:00,6242.0,8,1,False,True,High,-6.289999999999964,High,Low,0
,267.05,0.0,0.0,75,Snow,heavy snow,2012-11-13 09:00:00,5438.0,9,1,False,True,High,-6.099999999999966,High,Low,0
,267.81,0.0,0.0,75,Snow,heavy snow,2012-11-13 10:00:00,4656.0,10,1,False,False,Medium,-5.339999999999975,High,Low,0
,268.35,0.0,0.0,90,Snow,heavy snow,2012-11-13 11:00:00,4759.0,11,1,False,False,High,-4.7999999999999545,High,Low,0
,268.77,0.0,0.0,90,Snow,heavy snow,2012-11-13 12:00:00,4943.0,12,1,False,False,High,-4.3799999999999955,High,Low,0
,269.04,0.0,0.0,90,Clouds,overcast clouds,2012-11-13 13:00:00,4924.0,13,1,False,False,High,-4.109999999999957,High,Low,0
,269.23,0.0,0.0,90,Clouds,overcast clouds,2012-11-13 14:00:00,5409.0,14,1,False,False,High,-3.919999999999959,High,Low,0
,269.51,0.0,0.0,75,Clouds,broken clouds,2012-11-13 15:00:00,5664.0,15,1,False,False,High,-3.6399999999999864,High,Low,0
,269.24,0.0,0.0,90,Clouds,overcast clouds,2012-11-13 16:00:00,6436.0,16,1,False,True,High,-3.909999999999968,High,Low,0
,269.06,0.0,0.0,90,Clouds,overcast clouds,2012-11-13 17:00:00,6212.0,17,1,False,True,High,-4.089999999999975,High,Low,0
,268.35,0.0,0.0,90,Clouds,overcast clouds,2012-11-13 18:00:00,4324.0,18,1,False,True,Medium,-4.7999999999999545,High,Low,0
,268.26,0.0,0.0,90,Clouds,overcast clouds,2012-11-13 19:00:00,2948.0,19,1,False,False,Medium,-4.889999999999986,High,Low,0
,268.21,0.0,0.0,75,Clouds,broken clouds,2012-11-13 20:00:00,2604.0,20,1,False,False,Medium,-4.939999999999998,High,Low,0
,267.91,0.0,0.0,20,Clouds,few clouds,2012-11-13 21:00:00,2192.0,21,1,False,False,Medium,-5.239999999999952,High,Low,0
,267.75,0.0,0.0,1,Clear,sky is clear,2012-11-13 22:00:00,1563.0,22,1,False,False,Low,-5.399999999999977,High,Low,0
,267.15,0.0,0.0,20,Clouds,few clouds,2012-11-13 23:00:00,1346.0,23,1,False,False,Low,-6.0,High,Low,0
,266.33,0.0,0.0,20,Clouds,few clouds,2012-11-14 00:00:00,535.0,0,2,False,False,Low,-6.819999999999993,High,Low,0
,265.99,0.0,0.0,1,Clear,sky is clear,2012-11-14 01:00:00,325.0,1,2,False,False,Low,-7.159999999999968,High,Low,0
,265.94,0.0,0.0,1,Clear,sky is clear,2012-11-14 02:00:00,252.0,2,2,False,False,Low,-7.2099999999999795,High,Low,0
,265.14,0.0,0.0,1,Clear,sky is clear,2012-11-14 03:00:00,361.0,3,2,False,False,Low,-8.009999999999991,High,Low,0
,264.61,0.0,0.0,1,Clear,sky is clear,2012-11-14 04:00:00,795.0,4,2,False,False,Low,-8.539999999999964,High,Low,0
,264.67,0.0,0.0,1,Clear,sky is clear,2012-11-14 05:00:00,2620.0,5,2,False,False,Medium,-8.479999999999961,High,Low,0
,264.82,0.0,0.0,1,Clear,sky is clear,2012-11-14 06:00:00,5730.0,6,2,False,False,High,-8.329999999999984,High,Low,0
,265.1,0.0,0.0,1,Clear,sky is clear,2012-11-14 07:00:00,6792.0,7,2,False,True,High,-8.049999999999955,High,Low,0
,266.4,0.0,0.0,1,Clear,sky is clear,2012-11-14 08:00:00,6199.0,8,2,False,True,High,-6.75,High,Low,0
,269.25,0.0,0.0,1,Clear,sky is clear,2012-11-14 09:00:00,5216.0,9,2,False,True,High,-3.8999999999999773,High,Low,0
,271.89,0.0,0.0,40,Clouds,scattered clouds,2012-11-14 10:00:00,4864.0,10,2,False,False,High,-1.259999999999991,High,Low,0
,272.77,0.0,0.0,1,Clear,sky is clear,2012-11-14 11:00:00,5477.0,11,2,False,False,High,-0.37999999999999545,High,Low,0
,275.0,0.0,0.0,1,Clear,sky is clear,2012-11-14 12:00:00,5654.0,12,2,False,False,High,1.8500000000000227,High,Low,0
,277.19,0.0,0.0,1,Clear,sky is clear,2012-11-14 13:00:00,5761.0,13,2,False,False,High,4.0400000000000205,High,Low,0
,277.92,0.0,0.0,1,Clear,sky is clear,2012-11-14 14:00:00,6131.0,14,2,False,False,High,4.770000000000039,High,Low,0
,278.95,0.0,0.0,75,Clouds,broken clouds,2012-11-14 15:00:00,6415.0,15,2,False,False,High,5.800000000000011,Medium,Low,0
,278.02,0.0,0.0,75,Clouds,broken clouds,2012-11-14 16:00:00,7189.0,16,2,False,True,High,4.8700000000000045,High,Low,0
,276.5,0.0,0.0,75,Clouds,broken clouds,2012-11-14 17:00:00,6968.0,17,2,False,True,High,3.3500000000000227,High,Low,0
,275.88,0.0,0.0,90,Clouds,overcast clouds,2012-11-14 18:00:00,5182.0,18,2,False,True,High,2.730000000000018,High,Low,0
,275.98,0.0,0.0,90,Clouds,overcast clouds,2012-11-14 19:00:00,3536.0,19,2,False,False,Medium,2.830000000000041,High,Low,0
,275.98,0.0,0.0,90,Clouds,overcast clouds,2012-11-14 20:00:00,3052.0,20,2,False,False,Medium,2.830000000000041,High,Low,0
,276.13,0.0,0.0,90,Clouds,overcast clouds,2012-11-14 21:00:00,2665.0,21,2,False,False,Medium,2.980000000000018,High,Low,0
,276.53,0.0,0.0,90,Clouds,overcast clouds,2012-11-14 22:00:00,2044.0,22,2,False,False,Low,3.3799999999999955,High,Low,0
,276.53,0.0,0.0,90,Clouds,overcast clouds,2012-11-14 23:00:00,1841.0,23,2,False,False,Low,3.3799999999999955,High,Low,0
,276.48,0.0,0.0,90,Clouds,overcast clouds,2012-11-15 00:00:00,575.0,0,3,False,False,Low,3.330000000000041,High,Low,0
,276.26,0.0,0.0,90,Clouds,overcast clouds,2012-11-15 01:00:00,325.0,1,3,False,False,Low,3.1100000000000136,High,Low,0
,276.02,0.0,0.0,90,Clouds,overcast clouds,2012-11-15 02:00:00,294.0,2,3,False,False,Low,2.8700000000000045,High,Low,0
,275.87,0.0,0.0,90,Clouds,overcast clouds,2012-11-15 03:00:00,371.0,3,3,False,False,Low,2.7200000000000273,High,Low,0
,275.47,0.0,0.0,90,Clouds,overcast clouds,2012-11-15 04:00:00,817.0,4,3,False,False,Low,2.32000000000005,High,Low,0
,274.91,0.0,0.0,90,Clouds,overcast clouds,2012-11-15 05:00:00,2657.0,5,3,False,False,Medium,1.7600000000000477,High,Low,0
,274.34,0.0,0.0,90,Clouds,overcast clouds,2012-11-15 06:00:00,5814.0,6,3,False,False,High,1.1899999999999977,High,Low,0
,273.31,0.0,0.0,75,Clouds,broken clouds,2012-11-15 07:00:00,6761.0,7,3,False,True,High,0.160000000000025,High,Low,0
,273.76,0.0,0.0,40,Clouds,scattered clouds,2012-11-15 08:00:00,6171.0,8,3,False,True,High,0.6100000000000136,High,Low,0
,276.44,0.0,0.0,20,Clouds,few clouds,2012-11-15 09:00:00,5387.0,9,3,False,True,High,3.2900000000000205,High,Low,0
,278.23,0.0,0.0,40,Clouds,scattered clouds,2012-11-15 10:00:00,4704.0,10,3,False,False,High,5.080000000000041,Medium,Low,0
,279.03,0.0,0.0,1,Clear,sky is clear,2012-11-15 11:00:00,4811.0,11,3,False,False,High,5.8799999999999955,Medium,Low,0
,280.71,0.0,0.0,1,Clear,sky is clear,2012-11-15 12:00:00,5115.0,12,3,False,False,High,7.560000000000002,Medium,Low,0
,283.26,0.0,0.0,40,Clouds,scattered clouds,2012-11-15 13:00:00,5114.0,13,3,False,False,High,10.110000000000014,Medium,Low,0
,283.8,0.0,0.0,75,Clouds,broken clouds,2012-11-15 14:00:00,5597.0,14,3,False,False,High,10.650000000000034,Medium,Low,0
,283.29,0.0,0.0,75,Clouds,broken clouds,2012-11-15 15:00:00,5801.0,15,3,False,False,High,10.140000000000043,Medium,Low,0
,282.32,0.0,0.0,75,Clouds,broken clouds,2012-11-15 16:00:00,6570.0,16,3,False,True,High,9.170000000000016,Medium,Low,0
,280.33,0.0,0.0,75,Clouds,broken clouds,2012-11-15 17:00:00,6396.0,17,3,False,True,High,7.180000000000007,Medium,Low,0
,278.97,0.0,0.0,90,Clouds,overcast clouds,2012-11-15 18:00:00,4717.0,18,3,False,True,High,5.82000000000005,Medium,Low,0
,278.64,0.0,0.0,90,Clouds,overcast clouds,2012-11-15 19:00:00,3398.0,19,3,False,False,Medium,5.490000000000009,Medium,Low,0
,278.12,0.0,0.0,90,Clouds,overcast clouds,2012-11-15 20:00:00,3258.0,20,3,False,False,Medium,4.970000000000027,High,Low,0
,278.05,0.0,0.0,90,Clouds,overcast clouds,2012-11-15 21:00:00,2681.0,21,3,False,False,Medium,4.900000000000034,High,Low,0
,279.5,0.0,0.0,90,Clouds,overcast clouds,2012-11-15 23:00:00,1367.0,23,3,False,False,Low,6.350000000000023,Medium,Low,0
,279.5,0.0,0.0,90,Clouds,overcast clouds,2012-11-16 00:00:00,662.0,0,4,False,False,Low,6.350000000000023,Medium,Low,0
,277.1,0.0,0.0,99,Rain,light rain,2012-11-16 01:00:00,435.0,1,4,False,False,Low,3.9500000000000455,High,Low,0
,277.1,0.0,0.0,99,Rain,light rain,2012-11-16 02:00:00,332.0,2,4,False,False,Low,3.9500000000000455,High,Low,0
,277.1,0.0,0.0,99,Rain,light rain,2012-11-16 03:00:00,391.0,3,4,False,False,Low,3.9500000000000455,High,Low,0
,277.1,0.0,0.0,99,Rain,light rain,2012-11-16 04:00:00,708.0,4,4,False,False,Low,3.9500000000000455,High,Low,0
,277.1,0.0,0.0,99,Rain,light rain,2012-11-16 05:00:00,2477.0,5,4,False,False,Medium,3.9500000000000455,High,Low,0
,277.1,0.0,0.0,99,Rain,light rain,2012-11-16 06:00:00,5527.0,6,4,False,False,High,3.9500000000000455,High,Low,0
,276.8,0.0,0.0,0,Clear,sky is clear,2012-11-16 07:00:00,6517.0,7,4,False,True,High,3.650000000000034,High,Low,0
,276.8,0.0,0.0,0,Clear,sky is clear,2012-11-16 08:00:00,5360.0,8,4,False,True,High,3.650000000000034,High,Low,0
,276.8,0.0,0.0,0,Clear,sky is clear,2012-11-16 09:00:00,5177.0,9,4,False,True,High,3.650000000000034,High,Low,0
,276.8,0.0,0.0,0,Clear,sky is clear,2012-11-16 10:00:00,4661.0,10,4,False,False,High,3.650000000000034,High,Low,0
,276.8,0.0,0.0,0,Clear,sky is clear,2012-11-16 11:00:00,5129.0,11,4,False,False,High,3.650000000000034,High,Low,0
,276.8,0.0,0.0,0,Clear,sky is clear,2012-11-16 12:00:00,5326.0,12,4,False,False,High,3.650000000000034,High,Low,0
,276.8,0.0,0.0,0,Clear,sky is clear,2012-11-16 13:00:00,5488.0,13,4,False,False,High,3.650000000000034,High,Low,0
,279.24,0.0,0.0,1,Clear,sky is clear,2012-11-16 14:00:00,5489.0,14,4,False,False,High,6.090000000000032,Medium,Low,0
,279.24,0.0,0.0,1,Clear,sky is clear,2012-11-16 15:00:00,5835.0,15,4,False,False,High,6.090000000000032,Medium,Low,0
,279.24,0.0,0.0,1,Clear,sky is clear,2012-11-16 16:00:00,6427.0,16,4,False,True,High,6.090000000000032,Medium,Low,0
,279.24,0.0,0.0,1,Clear,sky is clear,2012-11-16 17:00:00,6093.0,17,4,False,True,High,6.090000000000032,Medium,Low,0
,279.24,0.0,0.0,1,Clear,sky is clear,2012-11-16 18:00:00,5074.0,18,4,False,True,High,6.090000000000032,Medium,Low,0
,279.24,0.0,0.0,1,Clear,sky is clear,2012-11-16 19:00:00,3522.0,19,4,False,False,Medium,6.090000000000032,Medium,Low,0
,279.24,0.0,0.0,1,Clear,sky is clear,2012-11-16 20:00:00,2818.0,20,4,False,False,Medium,6.090000000000032,Medium,Low,0
,279.24,0.0,0.0,1,Clear,sky is clear,2012-11-16 21:00:00,2804.0,21,4,False,False,Medium,6.090000000000032,Medium,Low,0
,279.24,0.0,0.0,1,Clear,sky is clear,2012-11-16 22:00:00,2639.0,22,4,False,False,Medium,6.090000000000032,Medium,Low,0
,279.24,0.0,0.0,1,Clear,sky is clear,2012-11-16 23:00:00,1766.0,23,4,False,False,Low,6.090000000000032,Medium,Low,0
,279.24,0.0,0.0,1,Clear,sky is clear,2012-11-17 00:00:00,1091.0,0,5,True,False,Low,6.090000000000032,Medium,Low,0
,270.94,0.0,0.0,0,Clear,sky is clear,2012-11-17 01:00:00,739.0,1,5,True,False,Low,-2.2099999999999795,High,Low,0
,270.94,0.0,0.0,0,Clear,sky is clear,2012-11-17 02:00:00,642.0,2,5,True,False,Low,-2.2099999999999795,High,Low,0
,270.94,0.0,0.0,0,Clear,sky is clear,2012-11-17 03:00:00,404.0,3,5,True,False,Low,-2.2099999999999795,High,Low,0
,270.94,0.0,0.0,0,Clear,sky is clear,2012-11-17 04:00:00,407.0,4,5,True,False,Low,-2.2099999999999795,High,Low,0
,266.83,0.0,0.0,1,Clear,sky is clear,2012-11-17 05:00:00,753.0,5,5,True,False,Low,-6.319999999999993,High,Low,0
,266.27,0.0,0.0,1,Clear,sky is clear,2012-11-17 06:00:00,1381.0,6,5,True,False,Low,-6.8799999999999955,High,Low,0
,265.91,0.0,0.0,1,Clear,sky is clear,2012-11-17 07:00:00,2046.0,7,5,True,False,Low,-7.239999999999952,High,Low,0
,267.33,0.0,0.0,20,Clouds,few clouds,2012-11-17 08:00:00,3031.0,8,5,True,False,Medium,-5.819999999999993,High,Low,0
,270.82,0.0,0.0,20,Clouds,few clouds,2012-11-17 09:00:00,3842.0,9,5,True,False,Medium,-2.329999999999984,High,Low,0
,273.55,0.0,0.0,20,Clouds,few clouds,2012-11-17 10:00:00,4233.0,10,5,True,False,Medium,0.4000000000000341,High,Low,0
,275.85,0.0,0.0,20,Clouds,few clouds,2012-11-17 11:00:00,4416.0,11,5,True,False,Medium,2.7000000000000455,High,Low,0
,277.61,0.0,0.0,20,Clouds,few clouds,2012-11-17 12:00:00,4753.0,12,5,True,False,High,4.460000000000036,High,Low,0
,278.64,0.0,0.0,40,Clouds,scattered clouds,2012-11-17 13:00:00,4525.0,13,5,True,False,Medium,5.490000000000009,Medium,Low,0
,279.34,0.0,0.0,40,Clouds,scattered clouds,2012-11-17 14:00:00,4628.0,14,5,True,False,Medium,6.189999999999998,Medium,Low,0
,279.39,0.0,0.0,40,Clouds,scattered clouds,2012-11-17 15:00:00,4546.0,15,5,True,False,Medium,6.240000000000009,Medium,Low,0
,278.73,0.0,0.0,40,Clouds,scattered clouds,2012-11-17 16:00:00,4516.0,16,5,True,False,Medium,5.580000000000041,Medium,Low,0
,276.5,0.0,0.0,40,Clouds,scattered clouds,2012-11-17 17:00:00,4468.0,17,5,True,False,Medium,3.3500000000000227,High,Low,0
,274.33,0.0,0.0,20,Clouds,few clouds,2012-11-17 19:00:00,3265.0,19,5,True,False,Medium,1.1800000000000068,High,Low,0
,274.43,0.0,0.0,20,Clouds,few clouds,2012-11-17 20:00:00,2608.0,20,5,True,False,Medium,1.2800000000000296,High,Low,0
,274.45,0.0,0.0,20,Clouds,few clouds,2012-11-17 21:00:00,2770.0,21,5,True,False,Medium,1.3000000000000114,High,Low,0
,274.4,0.0,0.0,1,Clear,sky is clear,2012-11-17 22:00:00,2661.0,22,5,True,False,Medium,1.25,High,Low,0
,274.78,0.0,0.0,1,Clear,sky is clear,2012-11-17 23:00:00,2191.0,23,5,True,False,Medium,1.6299999999999955,High,Low,0
,275.15,0.0,0.0,1,Clear,sky is clear,2012-11-18 00:00:00,1293.0,0,6,True,False,Low,2.0,High,Low,0
,275.25,0.0,0.0,1,Clear,sky is clear,2012-11-18 01:00:00,861.0,1,6,True,False,Low,2.1000000000000227,High,Low,0
,275.62,0.0,0.0,1,Clear,sky is clear,2012-11-18 02:00:00,644.0,2,6,True,False,Low,2.4700000000000273,High,Low,0
,275.89,0.0,0.0,1,Haze,haze,2012-11-18 03:00:00,368.0,3,6,True,False,Low,2.740000000000009,High,Low,0
,276.16,0.0,0.0,1,Haze,haze,2012-11-18 04:00:00,293.0,4,6,True,False,Low,3.0100000000000477,High,Low,0
,276.29,0.0,0.0,1,Clear,sky is clear,2012-11-18 05:00:00,482.0,5,6,True,False,Low,3.140000000000043,High,Low,0
,276.24,0.0,0.0,1,Clear,sky is clear,2012-11-18 06:00:00,774.0,6,6,True,False,Low,3.090000000000032,High,Low,0
,276.2,0.0,0.0,20,Clouds,few clouds,2012-11-18 07:00:00,1052.0,7,6,True,False,Low,3.0500000000000114,High,Low,0
,277.08,0.0,0.0,75,Haze,haze,2012-11-18 08:00:00,1722.0,8,6,True,False,Low,3.930000000000007,High,Low,0
,279.0,0.0,0.0,75,Haze,haze,2012-11-18 09:00:00,2561.0,9,6,True,False,Medium,5.850000000000023,Medium,Low,0
,281.2,0.0,0.0,75,Clouds,broken clouds,2012-11-18 10:00:00,3232.0,10,6,True,False,Medium,8.050000000000011,Medium,Low,0
,283.49,0.0,0.0,75,Clouds,broken clouds,2012-11-18 11:00:00,3630.0,11,6,True,False,Medium,10.340000000000032,Medium,Low,0
,285.53,0.0,0.0,90,Clouds,overcast clouds,2012-11-18 12:00:00,3999.0,12,6,True,False,Medium,12.379999999999995,Medium,Low,0
,285.96,0.0,0.0,75,Clouds,broken clouds,2012-11-18 13:00:00,4075.0,13,6,True,False,Medium,12.810000000000002,Medium,Low,0
,285.95,0.0,0.0,75,Clouds,broken clouds,2012-11-18 14:00:00,3966.0,14,6,True,False,Medium,12.800000000000011,Medium,Low,0
,285.65,0.0,0.0,75,Clouds,broken clouds,2012-11-18 15:00:00,4083.0,15,6,True,False,Medium,12.5,Medium,Low,0
,285.05,0.0,0.0,75,Clouds,broken clouds,2012-11-18 16:00:00,4277.0,16,6,True,False,Medium,11.900000000000034,Medium,Low,0
,284.31,0.0,0.0,75,Clouds,broken clouds,2012-11-18 17:00:00,4368.0,17,6,True,False,Medium,11.160000000000025,Medium,Low,0
,284.17,0.0,0.0,90,Clouds,overcast clouds,2012-11-18 18:00:00,3504.0,18,6,True,False,Medium,11.020000000000039,Medium,Low,0
,284.17,0.0,0.0,90,Clouds,overcast clouds,2012-11-18 19:00:00,3575.0,19,6,True,False,Medium,11.020000000000039,Medium,Low,0
,284.17,0.0,0.0,90,Clouds,overcast clouds,2012-11-18 20:00:00,2702.0,20,6,True,False,Medium,11.020000000000039,Medium,Low,0
,283.94,0.0,0.0,90,Clouds,overcast clouds,2012-11-18 21:00:00,2007.0,21,6,True,False,Low,10.79000000000002,Medium,Low,0
,283.65,0.0,0.0,90,Clouds,overcast clouds,2012-11-18 22:00:00,1505.0,22,6,True,False,Low,10.5,Medium,Low,0
,283.55,0.0,0.0,90,Clouds,overcast clouds,2012-11-18 23:00:00,961.0,23,6,True,False,Low,10.400000000000034,Medium,Low,0
,283.01,0.0,0.0,90,Clouds,overcast clouds,2012-11-19 00:00:00,476.0,0,0,False,False,Low,9.860000000000014,Medium,Low,0
,282.54,0.0,0.0,90,Clouds,overcast clouds,2012-11-19 01:00:00,311.0,1,0,False,False,Low,9.390000000000043,Medium,Low,0
,282.45,0.0,0.0,90,Clouds,overcast clouds,2012-11-19 02:00:00,268.0,2,0,False,False,Low,9.300000000000011,Medium,Low,0
,282.02,0.0,0.0,90,Clouds,overcast clouds,2012-11-19 03:00:00,364.0,3,0,False,False,Low,8.870000000000005,Medium,Low,0
,281.8,0.0,0.0,90,Clouds,overcast clouds,2012-11-19 04:00:00,789.0,4,0,False,False,Low,8.650000000000034,Medium,Low,0
,281.06,0.0,0.0,90,Clouds,overcast clouds,2012-11-19 05:00:00,2579.0,5,0,False,False,Medium,7.910000000000025,Medium,Low,0
,280.5,0.0,0.0,40,Clouds,scattered clouds,2012-11-19 06:00:00,5546.0,6,0,False,False,High,7.350000000000023,Medium,Low,0
,280.03,0.0,0.0,40,Clouds,scattered clouds,2012-11-19 07:00:00,6831.0,7,0,False,True,High,6.8799999999999955,Medium,Low,0
,280.0,0.0,0.0,40,Clouds,scattered clouds,2012-11-19 08:00:00,5884.0,8,0,False,True,High,6.850000000000023,Medium,Low,0
,281.48,0.0,0.0,40,Clouds,scattered clouds,2012-11-19 09:00:00,5133.0,9,0,False,True,High,8.330000000000041,Medium,Low,0
,282.85,0.0,0.0,75,Clouds,broken clouds,2012-11-19 10:00:00,4518.0,10,0,False,False,Medium,9.700000000000045,Medium,Low,0
,284.13,0.0,0.0,40,Clouds,scattered clouds,2012-11-19 11:00:00,4564.0,11,0,False,False,Medium,10.980000000000018,Medium,Low,0
,285.5,0.0,0.0,1,Clear,sky is clear,2012-11-19 12:00:00,4925.0,12,0,False,False,High,12.350000000000023,Medium,Low,0
,286.43,0.0,0.0,1,Clear,sky is clear,2012-11-19 13:00:00,4866.0,13,0,False,False,High,13.28000000000003,Medium,Low,0
,287.18,0.0,0.0,20,Clouds,few clouds,2012-11-19 14:00:00,5118.0,14,0,False,False,High,14.03000000000003,Medium,Low,0
,286.68,0.0,0.0,40,Clouds,scattered clouds,2012-11-19 15:00:00,5473.0,15,0,False,False,High,13.53000000000003,Medium,Low,0
,286.02,0.0,0.0,75,Clouds,broken clouds,2012-11-19 16:00:00,6276.0,16,0,False,True,High,12.870000000000005,Medium,Low,0
,284.55,0.0,0.0,40,Clouds,scattered clouds,2012-11-19 17:00:00,5908.0,17,0,False,True,High,11.400000000000034,Medium,Low,0
,284.64,0.0,0.0,40,Clouds,scattered clouds,2012-11-19 18:00:00,4239.0,18,0,False,True,Medium,11.490000000000009,Medium,Low,0
,284.34,0.0,0.0,75,Clouds,broken clouds,2012-11-19 19:00:00,3011.0,19,0,False,False,Medium,11.189999999999998,Medium,Low,0
,284.04,0.0,0.0,75,Clouds,broken clouds,2012-11-19 20:00:00,2644.0,20,0,False,False,Medium,10.890000000000043,Medium,Low,0
,283.5,0.0,0.0,75,Clouds,broken clouds,2012-11-19 21:00:00,2150.0,21,0,False,False,Medium,10.350000000000023,Medium,Low,0
,282.96,0.0,0.0,75,Clouds,broken clouds,2012-11-19 22:00:00,1539.0,22,0,False,False,Low,9.810000000000002,Medium,Low,0
,282.38,0.0,0.0,40,Clouds,scattered clouds,2012-11-19 23:00:00,970.0,23,0,False,False,Low,9.230000000000018,Medium,Low,0
,282.09,0.0,0.0,75,Clouds,broken clouds,2012-11-20 00:00:00,504.0,0,1,False,False,Low,8.939999999999998,Medium,Low,0
,281.77,0.0,0.0,75,Clouds,broken clouds,2012-11-20 01:00:00,327.0,1,1,False,False,Low,8.620000000000005,Medium,Low,0
,282.35,0.0,0.0,75,Clouds,broken clouds,2012-11-20 02:00:00,254.0,2,1,False,False,Low,9.200000000000045,Medium,Low,0
,282.26,0.0,0.0,75,Clouds,broken clouds,2012-11-20 03:00:00,346.0,3,1,False,False,Low,9.110000000000014,Medium,Low,0
,282.37,0.0,0.0,75,Clouds,broken clouds,2012-11-20 04:00:00,775.0,4,1,False,False,Low,9.220000000000027,Medium,Low,0
,282.52,0.0,0.0,75,Clouds,broken clouds,2012-11-20 05:00:00,2568.0,5,1,False,False,Medium,9.370000000000005,Medium,Low,0
,282.43,0.0,0.0,90,Clouds,overcast clouds,2012-11-20 06:00:00,5647.0,6,1,False,False,High,9.28000000000003,Medium,Low,0
,282.01,0.0,0.0,75,Clouds,broken clouds,2012-11-20 07:00:00,6824.0,7,1,False,True,High,8.860000000000014,Medium,Low,0
,282.33,0.0,0.0,75,Clouds,broken clouds,2012-11-20 08:00:00,5989.0,8,1,False,True,High,9.180000000000007,Medium,Low,0
,283.08,0.0,0.0,75,Clouds,broken clouds,2012-11-20 09:00:00,5419.0,9,1,False,True,High,9.930000000000007,Medium,Low,0
,283.53,0.0,0.0,40,Clouds,scattered clouds,2012-11-20 10:00:00,4826.0,10,1,False,False,High,10.379999999999995,Medium,Low,0
,285.74,0.0,0.0,40,Clouds,scattered clouds,2012-11-20 11:00:00,5003.0,11,1,False,False,High,12.590000000000032,Medium,Low,0
,286.67,0.0,0.0,40,Clouds,scattered clouds,2012-11-20 12:00:00,5099.0,12,1,False,False,High,13.520000000000039,Medium,Low,0
,287.41,0.0,0.0,40,Clouds,scattered clouds,2012-11-20 13:00:00,5264.0,13,1,False,False,High,14.260000000000048,Medium,Low,0
,287.74,0.0,0.0,40,Clouds,scattered clouds,2012-11-20 14:00:00,5561.0,14,1,False,False,High,14.590000000000032,Medium,Low,0
,287.73,0.0,0.0,40,Clouds,scattered clouds,2012-11-20 15:00:00,5721.0,15,1,False,False,High,14.580000000000041,Medium,Low,0
,286.53,0.0,0.0,40,Clouds,scattered clouds,2012-11-20 16:00:00,6521.0,16,1,False,True,High,13.379999999999995,Medium,Low,0
,283.85,0.0,0.0,40,Clouds,scattered clouds,2012-11-20 17:00:00,6019.0,17,1,False,True,High,10.700000000000045,Medium,Low,0
,281.47,0.0,0.0,20,Clouds,few clouds,2012-11-20 18:00:00,4525.0,18,1,False,True,Medium,8.32000000000005,Medium,Low,0
,280.54,0.0,0.0,1,Clear,sky is clear,2012-11-20 19:00:00,3385.0,19,1,False,False,Medium,7.390000000000043,Medium,Low,0
,279.11,0.0,0.0,1,Clear,sky is clear,2012-11-20 20:00:00,2999.0,20,1,False,False,Medium,5.960000000000036,Medium,Low,0
,278.24,0.0,0.0,1,Clear,sky is clear,2012-11-20 21:00:00,2642.0,21,1,False,False,Medium,5.090000000000032,Medium,Low,0
,277.99,0.0,0.0,1,Clear,sky is clear,2012-11-20 22:00:00,2050.0,22,1,False,False,Low,4.840000000000032,High,Low,0
,278.0,0.0,0.0,1,Haze,haze,2012-11-20 23:00:00,1211.0,23,1,False,False,Low,4.850000000000023,High,Low,0
,277.74,0.0,0.0,20,Mist,mist,2012-11-21 00:00:00,667.0,0,2,False,False,Low,4.590000000000032,High,Low,0
,277.23,0.0,0.0,1,Mist,mist,2012-11-21 01:00:00,399.0,1,2,False,False,Low,4.080000000000041,High,Low,0
,276.49,0.0,0.0,1,Clear,sky is clear,2012-11-21 02:00:00,269.0,2,2,False,False,Low,3.340000000000032,High,Low,0
,276.15,0.0,0.0,1,Clear,sky is clear,2012-11-21 03:00:00,412.0,3,2,False,False,Low,3.0,High,Low,0
,275.06,0.0,0.0,1,Mist,mist,2012-11-21 04:00:00,746.0,4,2,False,False,Low,1.910000000000025,High,Low,0
,273.99,0.0,0.0,1,Mist,mist,2012-11-21 05:00:00,2489.0,5,2,False,False,Medium,0.8400000000000318,High,Low,0
,273.0,0.0,0.0,1,Mist,mist,2012-11-21 06:00:00,5343.0,6,2,False,False,High,-0.14999999999997726,High,Low,0
,273.0,0.0,0.0,1,Fog,fog,2012-11-21 06:00:00,5343.0,6,2,False,False,High,-0.14999999999997726,High,Low,0
,272.54,0.0,0.0,1,Mist,mist,2012-11-21 07:00:00,6138.0,7,2,False,True,High,-0.6099999999999568,High,Low,0
,272.54,0.0,0.0,1,Fog,fog,2012-11-21 07:00:00,6138.0,7,2,False,True,High,-0.6099999999999568,High,Low,0
,272.51,0.0,0.0,1,Haze,haze,2012-11-21 08:00:00,5413.0,8,2,False,True,High,-0.6399999999999864,High,Low,0
,272.51,0.0,0.0,1,Mist,mist,2012-11-21 08:00:00,5413.0,8,2,False,True,High,-0.6399999999999864,High,Low,0
,272.51,0.0,0.0,1,Fog,fog,2012-11-21 08:00:00,5413.0,8,2,False,True,High,-0.6399999999999864,High,Low,0
,274.66,0.0,0.0,1,Mist,mist,2012-11-21 09:00:00,5041.0,9,2,False,True,High,1.5100000000000477,High,Low,0
,274.66,0.0,0.0,1,Haze,haze,2012-11-21 09:00:00,5041.0,9,2,False,True,High,1.5100000000000477,High,Low,0
,274.66,0.0,0.0,1,Fog,fog,2012-11-21 09:00:00,5041.0,9,2,False,True,High,1.5100000000000477,High,Low,0
,276.57,0.0,0.0,1,Haze,haze,2012-11-21 10:00:00,4875.0,10,2,False,False,High,3.420000000000016,High,Low,0
,276.57,0.0,0.0,1,Fog,fog,2012-11-21 10:00:00,4875.0,10,2,False,False,High,3.420000000000016,High,Low,0
,278.81,0.0,0.0,1,Mist,mist,2012-11-21 11:00:00,5266.0,11,2,False,False,High,5.660000000000025,Medium,Low,0
,280.95,0.0,0.0,20,Clouds,few clouds,2012-11-21 12:00:00,5656.0,12,2,False,False,High,7.800000000000011,Medium,Low,0
,283.13,0.0,0.0,20,Clouds,few clouds,2012-11-21 13:00:00,5561.0,13,2,False,False,High,9.980000000000018,Medium,Low,0
,283.91,0.0,0.0,20,Clouds,few clouds,2012-11-21 14:00:00,5963.0,14,2,False,False,High,10.760000000000048,Medium,Low,0
,284.22,0.0,0.0,20,Clouds,few clouds,2012-11-21 15:00:00,5928.0,15,2,False,False,High,11.07000000000005,Medium,Low,0
,282.46,0.0,0.0,40,Clouds,scattered clouds,2012-11-21 16:00:00,5733.0,16,2,False,True,High,9.310000000000002,Medium,Low,0
,279.63,0.0,0.0,40,Clouds,scattered clouds,2012-11-21 17:00:00,4964.0,17,2,False,True,High,6.480000000000018,Medium,Low,0
,278.13,0.0,0.0,40,Clouds,scattered clouds,2012-11-21 18:00:00,4179.0,18,2,False,True,Medium,4.980000000000018,High,Low,0
,277.36,0.0,0.0,40,Clouds,scattered clouds,2012-11-21 19:00:00,3267.0,19,2,False,False,Medium,4.210000000000036,High,Low,0
,277.38,0.0,0.0,90,Clouds,overcast clouds,2012-11-21 20:00:00,2787.0,20,2,False,False,Medium,4.230000000000018,High,Low,0
,277.82,0.0,0.0,90,Clouds,overcast clouds,2012-11-21 21:00:00,2432.0,21,2,False,False,Medium,4.670000000000016,High,Low,0
,278.33,0.0,0.0,75,Clouds,broken clouds,2012-11-21 22:00:00,1972.0,22,2,False,False,Low,5.180000000000007,Medium,Low,0
,278.49,0.0,0.0,20,Clouds,few clouds,2012-11-21 23:00:00,1399.0,23,2,False,False,Low,5.340000000000032,Medium,Low,0
Thanksgiving Day,278.54,0.0,0.0,20,Mist,mist,2012-11-22 00:00:00,919.0,0,3,False,False,Low,5.390000000000043,Medium,Low,1
,278.97,0.0,0.0,1,Mist,mist,2012-11-22 01:00:00,634.0,1,3,False,False,Low,5.82000000000005,Medium,Low,0
,279.35,0.0,0.0,1,Clear,sky is clear,2012-11-22 02:00:00,411.0,2,3,False,False,Low,6.2000000000000455,Medium,Low,0
,279.68,0.0,0.0,1,Clear,sky is clear,2012-11-22 03:00:00,317.0,3,3,False,False,Low,6.53000000000003,Medium,Low,0
,279.36,0.0,0.0,1,Clear,sky is clear,2012-11-22 04:00:00,252.0,4,3,False,False,Low,6.210000000000036,Medium,Low,0
,279.46,0.0,0.0,1,Clear,sky is clear,2012-11-22 05:00:00,380.0,5,3,False,False,Low,6.310000000000002,Medium,Low,0
,279.93,0.0,0.0,20,Clouds,few clouds,2012-11-22 06:00:00,881.0,6,3,False,False,Low,6.78000000000003,Medium,Low,0
,279.66,0.0,0.0,75,Clouds,broken clouds,2012-11-22 07:00:00,1094.0,7,3,False,True,Low,6.510000000000048,Medium,Low,0
,279.47,0.0,0.0,75,Clouds,broken clouds,2012-11-22 08:00:00,1119.0,8,3,False,True,Low,6.32000000000005,Medium,Low,0
,281.16,0.0,0.0,90,Haze,haze,2012-11-22 09:00:00,1674.0,9,3,False,True,Low,8.010000000000048,Medium,Low,0
,283.0,0.0,0.0,75,Clouds,broken clouds,2012-11-22 10:00:00,2477.0,10,3,False,False,Medium,9.850000000000023,Medium,Low,0
,284.99,0.0,0.0,90,Clouds,overcast clouds,2012-11-22 11:00:00,3245.0,11,3,False,False,Medium,11.840000000000032,Medium,Low,0
,285.88,0.0,0.0,90,Clouds,overcast clouds,2012-11-22 12:00:00,3461.0,12,3,False,False,Medium,12.730000000000018,Medium,Low,0
,286.87,0.0,0.0,90,Clouds,overcast clouds,2012-11-22 13:00:00,3213.0,13,3,False,False,Medium,13.720000000000027,Medium,Low,0
,287.98,0.0,0.0,75,Clouds,broken clouds,2012-11-22 14:00:00,3090.0,14,3,False,False,Medium,14.830000000000041,Medium,Low,0
,288.46,0.0,0.0,75,Clouds,broken clouds,2012-11-22 15:00:00,3068.0,15,3,False,False,Medium,15.310000000000002,Low,Low,0
,287.3,0.0,0.0,75,Clouds,broken clouds,2012-11-22 16:00:00,3152.0,16,3,False,True,Medium,14.150000000000034,Medium,Low,0
,285.57,0.0,0.0,75,Clouds,broken clouds,2012-11-22 17:00:00,3023.0,17,3,False,True,Medium,12.420000000000016,Medium,Low,0
,284.82,0.0,0.0,75,Clouds,broken clouds,2012-11-22 18:00:00,3083.0,18,3,False,True,Medium,11.670000000000016,Medium,Low,0
,285.57,0.0,0.0,40,Clouds,scattered clouds,2012-11-22 19:00:00,3010.0,19,3,False,False,Medium,12.420000000000016,Medium,Low,0
,287.12,0.0,0.0,75,Clouds,broken clouds,2012-11-22 20:00:00,3002.0,20,3,False,False,Medium,13.970000000000027,Medium,Low,0
,287.97,0.0,0.0,75,Clouds,broken clouds,2012-11-22 21:00:00,2533.0,21,3,False,False,Medium,14.82000000000005,Medium,Low,0
,288.23,0.0,0.0,75,Clouds,broken clouds,2012-11-22 22:00:00,1958.0,22,3,False,False,Low,15.080000000000041,Low,Low,0
,288.22,0.0,0.0,75,Clouds,broken clouds,2012-11-22 23:00:00,1390.0,23,3,False,False,Low,15.07000000000005,Low,Low,0
,287.46,0.0,0.0,75,Clouds,broken clouds,2012-11-23 00:00:00,693.0,0,4,False,False,Low,14.310000000000002,Medium,Low,0
,286.67,0.0,0.0,20,Clouds,few clouds,2012-11-23 01:00:00,482.0,1,4,False,False,Low,13.520000000000039,Medium,Low,0
,286.01,0.0,0.0,20,Clouds,few clouds,2012-11-23 02:00:00,370.0,2,4,False,False,Low,12.860000000000014,Medium,Low,0
,285.37,0.0,0.0,20,Clouds,few clouds,2012-11-23 03:00:00,341.0,3,4,False,False,Low,12.220000000000027,Medium,Low,0
,284.82,0.0,0.0,20,Clouds,few clouds,2012-11-23 04:00:00,456.0,4,4,False,False,Low,11.670000000000016,Medium,Low,0
,284.58,0.0,0.0,75,Clouds,broken clouds,2012-11-23 05:00:00,1105.0,5,4,False,False,Low,11.430000000000007,Medium,Low,0
,284.06,0.0,0.0,75,Clouds,broken clouds,2012-11-23 06:00:00,2069.0,6,4,False,False,Low,10.910000000000025,Medium,Low,0
,283.35,0.0,0.0,75,Clouds,broken clouds,2012-11-23 07:00:00,2381.0,7,4,False,True,Medium,10.200000000000045,Medium,Low,0
,283.0,0.0,0.0,75,Clouds,broken clouds,2012-11-23 08:00:00,2364.0,8,4,False,True,Medium,9.850000000000023,Medium,Low,0
,283.89,0.0,0.0,75,Clouds,broken clouds,2012-11-23 09:00:00,2783.0,9,4,False,True,Medium,10.740000000000009,Medium,Low,0
,284.9,0.0,0.0,40,Clouds,scattered clouds,2012-11-23 10:00:00,3230.0,10,4,False,False,Medium,11.75,Medium,Low,0
,284.99,0.0,0.0,40,Clouds,scattered clouds,2012-11-23 11:00:00,3586.0,11,4,False,False,Medium,11.840000000000032,Medium,Low,0
,284.15,0.0,0.0,75,Clouds,broken clouds,2012-11-23 12:00:00,3947.0,12,4,False,False,Medium,11.0,Medium,Low,0
,282.15,0.0,0.0,75,Clouds,broken clouds,2012-11-23 13:00:00,3800.0,13,4,False,False,Medium,9.0,Medium,Low,0
,279.39,0.0,0.0,75,Clouds,broken clouds,2012-11-23 14:00:00,4231.0,14,4,False,False,Medium,6.240000000000009,Medium,Low,0
,277.38,0.0,0.0,75,Snow,heavy snow,2012-11-23 15:00:00,4174.0,15,4,False,False,Medium,4.230000000000018,High,Low,0
,276.44,0.0,0.0,90,Rain,light rain,2012-11-23 16:00:00,4079.0,16,4,False,True,Medium,3.2900000000000205,High,Low,0
,276.44,0.0,0.0,90,Snow,heavy snow,2012-11-23 16:00:00,4079.0,16,4,False,True,Medium,3.2900000000000205,High,Low,0
,274.35,0.0,0.0,90,Snow,heavy snow,2012-11-23 17:00:00,3900.0,17,4,False,True,Medium,1.2000000000000455,High,Low,0
,274.35,0.0,0.0,90,Mist,mist,2012-11-23 17:00:00,3900.0,17,4,False,True,Medium,1.2000000000000455,High,Low,0
,273.13,0.0,0.0,90,Snow,heavy snow,2012-11-23 18:00:00,3420.0,18,4,False,True,Medium,-0.01999999999998181,High,Low,0
,273.13,0.0,0.0,90,Mist,mist,2012-11-23 18:00:00,3420.0,18,4,False,True,Medium,-0.01999999999998181,High,Low,0
,272.42,0.0,0.0,90,Snow,snow,2012-11-23 19:00:00,2876.0,19,4,False,False,Medium,-0.7299999999999613,High,Low,0
,272.42,0.0,0.0,90,Fog,fog,2012-11-23 19:00:00,2876.0,19,4,False,False,Medium,-0.7299999999999613,High,Low,0
,272.42,0.0,0.0,90,Snow,heavy snow,2012-11-23 19:00:00,2876.0,19,4,False,False,Medium,-0.7299999999999613,High,Low,0
,272.42,0.0,0.0,90,Mist,mist,2012-11-23 19:00:00,2876.0,19,4,False,False,Medium,-0.7299999999999613,High,Low,0
,271.6,0.0,0.0,90,Snow,heavy snow,2012-11-23 20:00:00,2543.0,20,4,False,False,Medium,-1.5499999999999545,High,Low,0
,271.6,0.0,0.0,90,Mist,mist,2012-11-23 20:00:00,2543.0,20,4,False,False,Medium,-1.5499999999999545,High,Low,0
,271.6,0.0,0.0,90,Snow,snow,2012-11-23 20:00:00,2543.0,20,4,False,False,Medium,-1.5499999999999545,High,Low,0
,270.59,0.0,0.0,90,Haze,haze,2012-11-23 21:00:00,2221.0,21,4,False,False,Medium,-2.5600000000000023,High,Low,0
,269.61,0.0,0.0,90,Snow,heavy snow,2012-11-23 22:00:00,2148.0,22,4,False,False,Medium,-3.5399999999999636,High,Low,0
,268.72,0.0,0.0,90,Snow,heavy snow,2012-11-23 23:00:00,1512.0,23,4,False,False,Low,-4.42999999999995,High,Low,0
,268.72,0.0,0.0,90,Mist,mist,2012-11-23 23:00:00,1512.0,23,4,False,False,Low,-4.42999999999995,High,Low,0
,268.06,0.0,0.0,90,Snow,heavy snow,2012-11-24 00:00:00,917.0,0,5,True,False,Low,-5.089999999999975,High,Low,0
,267.76,0.0,0.0,90,Snow,heavy snow,2012-11-24 01:00:00,611.0,1,5,True,False,Low,-5.389999999999986,High,Low,0
,267.76,0.0,0.0,90,Haze,haze,2012-11-24 01:00:00,611.0,1,5,True,False,Low,-5.389999999999986,High,Low,0
,267.19,0.0,0.0,90,Snow,heavy snow,2012-11-24 02:00:00,470.0,2,5,True,False,Low,-5.9599999999999795,High,Low,0
,266.59,0.0,0.0,90,Snow,heavy snow,2012-11-24 03:00:00,322.0,3,5,True,False,Low,-6.560000000000002,High,Low,0
,266.59,0.0,0.0,90,Mist,mist,2012-11-24 03:00:00,322.0,3,5,True,False,Low,-6.560000000000002,High,Low,0
,265.86,0.0,0.0,90,Snow,heavy snow,2012-11-24 04:00:00,299.0,4,5,True,False,Low,-7.289999999999964,High,Low,0
,265.6,0.0,0.0,90,Snow,heavy snow,2012-11-24 05:00:00,574.0,5,5,True,False,Low,-7.5499999999999545,High,Low,0
,265.55,0.0,0.0,90,Snow,heavy snow,2012-11-24 06:00:00,1017.0,6,5,True,False,Low,-7.599999999999966,High,Low,0
,265.5,0.0,0.0,90,Snow,heavy snow,2012-11-24 07:00:00,1348.0,7,5,True,False,Low,-7.649999999999977,High,Low,0
,266.01,0.0,0.0,75,Snow,heavy snow,2012-11-24 08:00:00,1878.0,8,5,True,False,Low,-7.139999999999986,High,Low,0
,266.51,0.0,0.0,90,Snow,heavy snow,2012-11-24 09:00:00,2753.0,9,5,True,False,Medium,-6.639999999999986,High,Low,0
,266.98,0.0,0.0,90,Clouds,overcast clouds,2012-11-24 10:00:00,3178.0,10,5,True,False,Medium,-6.169999999999959,High,Low,0
,267.78,0.0,0.0,90,Clouds,overcast clouds,2012-11-24 11:00:00,3880.0,11,5,True,False,Medium,-5.3700000000000045,High,Low,0
,268.76,0.0,0.0,1,Clear,sky is clear,2012-11-24 12:00:00,4312.0,12,5,True,False,Medium,-4.389999999999986,High,Low,0
,269.24,0.0,0.0,1,Clear,sky is clear,2012-11-24 13:00:00,4494.0,13,5,True,False,Medium,-3.909999999999968,High,Low,0
,269.4,0.0,0.0,40,Clouds,scattered clouds,2012-11-24 14:00:00,4206.0,14,5,True,False,Medium,-3.75,High,Low,0
,269.2,0.0,0.0,75,Clouds,broken clouds,2012-11-24 15:00:00,4204.0,15,5,True,False,Medium,-3.9499999999999886,High,Low,0
,269.15,0.0,0.0,90,Clouds,overcast clouds,2012-11-24 16:00:00,4449.0,16,5,True,False,Medium,-4.0,High,Low,0
,268.5,0.0,0.0,90,Clouds,overcast clouds,2012-11-24 17:00:00,4357.0,17,5,True,False,Medium,-4.649999999999977,High,Low,0
,267.82,0.0,0.0,90,Clouds,overcast clouds,2012-11-24 18:00:00,3905.0,18,5,True,False,Medium,-5.329999999999984,High,Low,0
,266.92,0.0,0.0,90,Clouds,overcast clouds,2012-11-24 19:00:00,3068.0,19,5,True,False,Medium,-6.229999999999961,High,Low,0
,265.61,0.0,0.0,90,Clouds,overcast clouds,2012-11-24 20:00:00,2779.0,20,5,True,False,Medium,-7.539999999999964,High,Low,0
,262.33,0.0,0.0,1,Clear,sky is clear,2012-11-25 01:00:00,689.0,1,6,True,False,Low,-10.819999999999993,High,Low,0
,261.45,0.0,0.0,1,Clear,sky is clear,2012-11-25 02:00:00,536.0,2,6,True,False,Low,-11.699999999999989,High,Low,0
,261.08,0.0,0.0,1,Clear,sky is clear,2012-11-25 03:00:00,322.0,3,6,True,False,Low,-12.069999999999993,High,Low,0
,260.62,0.0,0.0,1,Clear,sky is clear,2012-11-25 04:00:00,271.0,4,6,True,False,Low,-12.529999999999973,High,Low,0
,260.24,0.0,0.0,1,Clear,sky is clear,2012-11-25 05:00:00,426.0,5,6,True,False,Low,-12.909999999999968,High,Low,0
,259.88,0.0,0.0,1,Clear,sky is clear,2012-11-25 06:00:00,726.0,6,6,True,False,Low,-13.269999999999982,High,Low,0
,259.78,0.0,0.0,1,Clear,sky is clear,2012-11-25 07:00:00,910.0,7,6,True,False,Low,-13.370000000000005,High,Low,0
,260.82,0.0,0.0,20,Clouds,few clouds,2012-11-25 08:00:00,1366.0,8,6,True,False,Low,-12.329999999999984,High,Low,0
,263.42,0.0,0.0,75,Clouds,broken clouds,2012-11-25 09:00:00,2222.0,9,6,True,False,Medium,-9.729999999999961,High,Low,0
,265.24,0.0,0.0,20,Clouds,few clouds,2012-11-25 10:00:00,2918.0,10,6,True,False,Medium,-7.909999999999968,High,Low,0
,266.31,0.0,0.0,75,Clouds,broken clouds,2012-11-25 11:00:00,3413.0,11,6,True,False,Medium,-6.839999999999975,High,Low,0
,267.37,0.0,0.0,90,Clouds,overcast clouds,2012-11-25 12:00:00,3724.0,12,6,True,False,Medium,-5.779999999999973,High,Low,0
,268.13,0.0,0.0,90,Clouds,overcast clouds,2012-11-25 13:00:00,3949.0,13,6,True,False,Medium,-5.019999999999982,High,Low,0
,268.93,0.0,0.0,90,Clouds,overcast clouds,2012-11-25 14:00:00,4076.0,14,6,True,False,Medium,-4.21999999999997,High,Low,0
,269.41,0.0,0.0,90,Clouds,overcast clouds,2012-11-25 15:00:00,4729.0,15,6,True,False,High,-3.7399999999999523,High,Low,0
,270.1,0.0,0.0,90,Clouds,overcast clouds,2012-11-25 16:00:00,4880.0,16,6,True,False,High,-3.0499999999999545,High,Low,0
,270.37,0.0,0.0,90,Clouds,overcast clouds,2012-11-25 17:00:00,4435.0,17,6,True,False,Medium,-2.7799999999999727,High,Low,0
,270.61,0.0,0.0,90,Clouds,overcast clouds,2012-11-25 18:00:00,3749.0,18,6,True,False,Medium,-2.5399999999999636,High,Low,0
,270.98,0.0,0.0,90,Clouds,overcast clouds,2012-11-25 19:00:00,3381.0,19,6,True,False,Medium,-2.169999999999959,High,Low,0
,271.02,0.0,0.0,90,Clouds,overcast clouds,2012-11-25 20:00:00,2809.0,20,6,True,False,Medium,-2.1299999999999955,High,Low,0
,270.98,0.0,0.0,90,Clouds,overcast clouds,2012-11-25 21:00:00,2150.0,21,6,True,False,Medium,-2.169999999999959,High,Low,0
,270.97,0.0,0.0,90,Snow,heavy snow,2012-11-25 22:00:00,1533.0,22,6,True,False,Low,-2.17999999999995,High,Low,0
,270.97,0.0,0.0,40,Clouds,scattered clouds,2012-11-25 23:00:00,925.0,23,6,True,False,Low,-2.17999999999995,High,Low,0
,271.25,0.0,0.0,90,Clouds,overcast clouds,2012-11-26 00:00:00,524.0,0,0,False,False,Low,-1.8999999999999773,High,Low,0
,271.34,0.0,0.0,90,Clouds,overcast clouds,2012-11-26 01:00:00,293.0,1,0,False,False,Low,-1.8100000000000023,High,Low,0
,271.79,0.0,0.0,90,Clouds,overcast clouds,2012-11-26 02:00:00,258.0,2,0,False,False,Low,-1.3599999999999568,High,Low,0
,271.75,0.0,0.0,90,Clouds,overcast clouds,2012-11-26 03:00:00,337.0,3,0,False,False,Low,-1.3999999999999773,High,Low,0
,271.62,0.0,0.0,90,Clouds,overcast clouds,2012-11-26 04:00:00,771.0,4,0,False,False,Low,-1.5299999999999727,High,Low,0
,271.48,0.0,0.0,90,Clouds,overcast clouds,2012-11-26 05:00:00,2496.0,5,0,False,False,Medium,-1.669999999999959,High,Low,0
,271.14,0.0,0.0,90,Clouds,overcast clouds,2012-11-26 06:00:00,5529.0,6,0,False,False,High,-2.009999999999991,High,Low,0
,270.77,0.0,0.0,90,Clouds,overcast clouds,2012-11-26 07:00:00,6752.0,7,0,False,True,High,-2.3799999999999955,High,Low,0
,270.73,0.0,0.0,90,Clouds,overcast clouds,2012-11-26 08:00:00,5787.0,8,0,False,True,High,-2.419999999999959,High,Low,0
,270.89,0.0,0.0,90,Clouds,overcast clouds,2012-11-26 09:00:00,4699.0,9,0,False,True,High,-2.259999999999991,High,Low,0
,270.97,0.0,0.0,90,Clouds,overcast clouds,2012-11-26 10:00:00,4271.0,10,0,False,False,Medium,-2.17999999999995,High,Low,0
,270.64,0.0,0.0,90,Clouds,overcast clouds,2012-11-26 11:00:00,4314.0,11,0,False,False,Medium,-2.509999999999991,High,Low,0
,270.39,0.0,0.0,90,Clouds,overcast clouds,2012-11-26 12:00:00,4603.0,12,0,False,False,Medium,-2.759999999999991,High,Low,0
,271.26,0.0,0.0,86,Clouds,overcast clouds,2012-11-26 13:00:00,4816.0,13,0,False,False,High,-1.8899999999999864,High,Low,0
,271.65,0.0,0.0,75,Snow,heavy snow,2012-11-26 15:00:00,5449.0,15,0,False,False,High,-1.5,High,Low,0
,271.6,0.0,0.0,90,Clouds,overcast clouds,2012-11-26 16:00:00,6238.0,16,0,False,True,High,-1.5499999999999545,High,Low,0
,271.36,0.0,0.0,75,Clouds,broken clouds,2012-11-26 17:00:00,5761.0,17,0,False,True,High,-1.7899999999999636,High,Low,0
,271.32,0.0,0.0,90,Clouds,overcast clouds,2012-11-26 18:00:00,4022.0,18,0,False,True,Medium,-1.829999999999984,High,Low,0
,271.29,0.0,0.0,90,Clouds,overcast clouds,2012-11-26 19:00:00,2874.0,19,0,False,False,Medium,-1.8599999999999568,High,Low,0
,271.29,0.0,0.0,90,Clouds,overcast clouds,2012-11-26 20:00:00,2362.0,20,0,False,False,Medium,-1.8599999999999568,High,Low,0
,270.6,0.0,0.0,90,Clouds,overcast clouds,2012-11-26 21:00:00,2098.0,21,0,False,False,Low,-2.5499999999999545,High,Low,0
,269.59,0.0,0.0,90,Clouds,overcast clouds,2012-11-26 22:00:00,1342.0,22,0,False,False,Low,-3.5600000000000023,High,Low,0
,268.57,0.0,0.0,90,Clouds,overcast clouds,2012-11-26 23:00:00,944.0,23,0,False,False,Low,-4.579999999999984,High,Low,0
,267.12,0.0,0.0,90,Clouds,overcast clouds,2012-11-27 00:00:00,459.0,0,1,False,False,Low,-6.029999999999973,High,Low,0
,265.53,0.0,0.0,75,Clouds,broken clouds,2012-11-27 01:00:00,303.0,1,1,False,False,Low,-7.6200000000000045,High,Low,0
,264.4,0.0,0.0,75,Snow,heavy snow,2012-11-27 02:00:00,247.0,2,1,False,False,Low,-8.75,High,Low,0
,262.98,0.0,0.0,40,Clouds,scattered clouds,2012-11-27 03:00:00,337.0,3,1,False,False,Low,-10.169999999999959,High,Low,0
,262.44,0.0,0.0,40,Snow,heavy snow,2012-11-27 04:00:00,781.0,4,1,False,False,Low,-10.70999999999998,High,Low,0
,261.77,0.0,0.0,90,Snow,heavy snow,2012-11-27 05:00:00,2601.0,5,1,False,False,Medium,-11.379999999999995,High,Low,0
,261.27,0.0,0.0,90,Snow,heavy snow,2012-11-27 06:00:00,5639.0,6,1,False,False,High,-11.879999999999995,High,Low,0
,260.62,0.0,0.0,75,Clouds,broken clouds,2012-11-27 07:00:00,6768.0,7,1,False,True,High,-12.529999999999973,High,Low,0
,260.47,0.0,0.0,40,Clouds,scattered clouds,2012-11-27 08:00:00,6116.0,8,1,False,True,High,-12.67999999999995,High,Low,0
,261.12,0.0,0.0,1,Clear,sky is clear,2012-11-27 09:00:00,5215.0,9,1,False,True,High,-12.029999999999973,High,Low,0
,262.6,0.0,0.0,1,Clear,sky is clear,2012-11-27 10:00:00,4315.0,10,1,False,False,Medium,-10.549999999999955,High,Low,0
,263.5,0.0,0.0,1,Clear,sky is clear,2012-11-27 11:00:00,4497.0,11,1,False,False,Medium,-9.649999999999977,High,Low,0
,264.4,0.0,0.0,1,Clear,sky is clear,2012-11-27 12:00:00,4799.0,12,1,False,False,High,-8.75,High,Low,0
,265.23,0.0,0.0,1,Clear,sky is clear,2012-11-27 13:00:00,4884.0,13,1,False,False,High,-7.919999999999959,High,Low,0
,266.06,0.0,0.0,1,Clear,sky is clear,2012-11-27 14:00:00,5234.0,14,1,False,False,High,-7.089999999999975,High,Low,0
,266.17,0.0,0.0,1,Clear,sky is clear,2012-11-27 15:00:00,5665.0,15,1,False,False,High,-6.979999999999961,High,Low,0
,266.01,0.0,0.0,1,Clear,sky is clear,2012-11-27 16:00:00,6428.0,16,1,False,True,High,-7.139999999999986,High,Low,0
,264.93,0.0,0.0,1,Clear,sky is clear,2012-11-27 17:00:00,6092.0,17,1,False,True,High,-8.21999999999997,High,Low,0
,264.26,0.0,0.0,1,Clear,sky is clear,2012-11-27 18:00:00,4317.0,18,1,False,True,Medium,-8.889999999999986,High,Low,0
,263.8,0.0,0.0,1,Clear,sky is clear,2012-11-27 19:00:00,3137.0,19,1,False,False,Medium,-9.349999999999966,High,Low,0
,263.33,0.0,0.0,1,Clear,sky is clear,2012-11-27 20:00:00,2647.0,20,1,False,False,Medium,-9.819999999999993,High,Low,0
,263.47,0.0,0.0,1,Clear,sky is clear,2012-11-27 21:00:00,2194.0,21,1,False,False,Medium,-9.67999999999995,High,Low,0
,263.55,0.0,0.0,1,Clear,sky is clear,2012-11-27 22:00:00,1523.0,22,1,False,False,Low,-9.599999999999966,High,Low,0
,263.83,0.0,0.0,1,Clear,sky is clear,2012-11-27 23:00:00,949.0,23,1,False,False,Low,-9.319999999999993,High,Low,0
,264.18,0.0,0.0,1,Clear,sky is clear,2012-11-28 00:00:00,510.0,0,2,False,False,Low,-8.96999999999997,High,Low,0
,264.21,0.0,0.0,20,Clouds,few clouds,2012-11-28 01:00:00,342.0,1,2,False,False,Low,-8.939999999999998,High,Low,0
,264.75,0.0,0.0,75,Clouds,broken clouds,2012-11-28 02:00:00,245.0,2,2,False,False,Low,-8.399999999999977,High,Low,0
,264.94,0.0,0.0,75,Clouds,broken clouds,2012-11-28 03:00:00,352.0,3,2,False,False,Low,-8.20999999999998,High,Low,0
,265.07,0.0,0.0,40,Clouds,scattered clouds,2012-11-28 04:00:00,759.0,4,2,False,False,Low,-8.079999999999984,High,Low,0
,265.25,0.0,0.0,75,Clouds,broken clouds,2012-11-28 05:00:00,2638.0,5,2,False,False,Medium,-7.899999999999977,High,Low,0
,264.84,0.0,0.0,40,Clouds,scattered clouds,2012-11-28 06:00:00,5816.0,6,2,False,False,High,-8.310000000000002,High,Low,0
,265.03,0.0,0.0,20,Clouds,few clouds,2012-11-28 07:00:00,6995.0,7,2,False,True,High,-8.120000000000005,High,Low,0
,265.28,0.0,0.0,75,Clouds,broken clouds,2012-11-28 08:00:00,6071.0,8,2,False,True,High,-7.8700000000000045,High,Low,0
,267.05,0.0,0.0,40,Clouds,scattered clouds,2012-11-28 09:00:00,5228.0,9,2,False,True,High,-6.099999999999966,High,Low,0
,268.83,0.0,0.0,75,Clouds,broken clouds,2012-11-28 10:00:00,4570.0,10,2,False,False,Medium,-4.319999999999993,High,Low,0
,270.43,0.0,0.0,90,Clouds,overcast clouds,2012-11-28 11:00:00,4809.0,11,2,False,False,High,-2.7199999999999704,High,Low,0
,272.28,0.0,0.0,90,Clouds,overcast clouds,2012-11-28 12:00:00,4839.0,12,2,False,False,High,-0.8700000000000045,High,Low,0
,273.82,0.0,0.0,90,Clouds,overcast clouds,2012-11-28 13:00:00,4837.0,13,2,False,False,High,0.6700000000000159,High,Low,0
,275.34,0.0,0.0,75,Clouds,broken clouds,2012-11-28 14:00:00,5290.0,14,2,False,False,High,2.1899999999999977,High,Low,0
,276.01,0.0,0.0,90,Clouds,overcast clouds,2012-11-28 15:00:00,5621.0,15,2,False,False,High,2.8600000000000136,High,Low,0
,275.25,0.0,0.0,40,Clouds,scattered clouds,2012-11-28 16:00:00,6116.0,16,2,False,True,High,2.1000000000000227,High,Low,0
,273.84,0.0,0.0,75,Clouds,broken clouds,2012-11-28 17:00:00,5813.0,17,2,False,True,High,0.6899999999999977,High,Low,0
,272.17,0.0,0.0,40,Clouds,scattered clouds,2012-11-28 18:00:00,4314.0,18,2,False,True,Medium,-0.9799999999999613,High,Low,0
,270.99,0.0,0.0,20,Clouds,few clouds,2012-11-28 19:00:00,3077.0,19,2,False,False,Medium,-2.159999999999968,High,Low,0
,270.23,0.0,0.0,1,Clear,sky is clear,2012-11-28 20:00:00,2691.0,20,2,False,False,Medium,-2.919999999999959,High,Low,0
,269.63,0.0,0.0,1,Clear,sky is clear,2012-11-28 21:00:00,2297.0,21,2,False,False,Medium,-3.519999999999982,High,Low,0
,269.59,0.0,0.0,1,Clear,sky is clear,2012-11-28 22:00:00,1568.0,22,2,False,False,Low,-3.5600000000000023,High,Low,0
,269.52,0.0,0.0,1,Clear,sky is clear,2012-11-28 23:00:00,1020.0,23,2,False,False,Low,-3.6299999999999955,High,Low,0
,269.69,0.0,0.0,20,Clouds,few clouds,2012-11-29 00:00:00,561.0,0,3,False,False,Low,-3.4599999999999795,High,Low,0
,269.84,0.0,0.0,90,Clouds,overcast clouds,2012-11-29 01:00:00,358.0,1,3,False,False,Low,-3.3100000000000023,High,Low,0
,269.7,0.0,0.0,90,Clouds,overcast clouds,2012-11-29 02:00:00,279.0,2,3,False,False,Low,-3.4499999999999886,High,Low,0
,269.73,0.0,0.0,90,Clouds,overcast clouds,2012-11-29 03:00:00,363.0,3,3,False,False,Low,-3.419999999999959,High,Low,0
,269.51,0.0,0.0,90,Clouds,overcast clouds,2012-11-29 04:00:00,784.0,4,3,False,False,Low,-3.6399999999999864,High,Low,0
,269.29,0.0,0.0,90,Clouds,overcast clouds,2012-11-29 05:00:00,2612.0,5,3,False,False,Medium,-3.859999999999957,High,Low,0
,269.29,0.0,0.0,90,Clouds,overcast clouds,2012-11-29 06:00:00,5608.0,6,3,False,False,High,-3.859999999999957,High,Low,0
,269.56,0.0,0.0,90,Clouds,overcast clouds,2012-11-29 07:00:00,7020.0,7,3,False,True,High,-3.589999999999975,High,Low,0
,269.6,0.0,0.0,90,Clouds,overcast clouds,2012-11-29 08:00:00,6072.0,8,3,False,True,High,-3.5499999999999545,High,Low,0
,270.12,0.0,0.0,90,Clouds,overcast clouds,2012-11-29 09:00:00,5403.0,9,3,False,True,High,-3.0299999999999727,High,Low,0
,270.96,0.0,0.0,75,Clouds,broken clouds,2012-11-29 10:00:00,4566.0,10,3,False,False,Medium,-2.1899999999999977,High,Low,0
,271.43,0.0,0.0,75,Clouds,broken clouds,2012-11-29 11:00:00,4906.0,11,3,False,False,High,-1.7199999999999704,High,Low,0
,273.12,0.0,0.0,75,Clouds,broken clouds,2012-11-29 12:00:00,5081.0,12,3,False,False,High,-0.029999999999972715,High,Low,0
,273.26,0.0,0.0,1,Clear,sky is clear,2012-11-29 13:00:00,5101.0,13,3,False,False,High,0.11000000000001364,High,Low,0
,274.36,0.0,0.0,75,Clouds,broken clouds,2012-11-29 14:00:00,5463.0,14,3,False,False,High,1.2100000000000364,High,Low,0
,274.33,0.0,0.0,75,Clouds,broken clouds,2012-11-29 15:00:00,5945.0,15,3,False,False,High,1.1800000000000068,High,Low,0
,273.67,0.0,0.0,16,Clouds,few clouds,2012-11-29 16:00:00,6489.0,16,3,False,True,High,0.5200000000000387,High,Low,0
,272.98,0.0,0.0,90,Clouds,overcast clouds,2012-11-29 17:00:00,6078.0,17,3,False,True,High,-0.16999999999995907,High,Low,0
,272.48,0.0,0.0,90,Clouds,overcast clouds,2012-11-29 18:00:00,4522.0,18,3,False,True,Medium,-0.6699999999999591,High,Low,0
,272.56,0.0,0.0,90,Clouds,overcast clouds,2012-11-29 19:00:00,3293.0,19,3,False,False,Medium,-0.589999999999975,High,Low,0
,272.93,0.0,0.0,90,Clouds,overcast clouds,2012-11-29 20:00:00,2913.0,20,3,False,False,Medium,-0.21999999999997044,High,Low,0
,273.13,0.0,0.0,16,Clouds,few clouds,2012-11-29 21:00:00,2571.0,21,3,False,False,Medium,-0.01999999999998181,High,Low,0
,273.92,0.0,0.0,16,Clouds,few clouds,2012-11-29 23:00:00,1070.0,23,3,False,False,Low,0.7700000000000387,High,Low,0
,273.92,0.0,0.0,16,Clouds,few clouds,2012-11-30 00:00:00,591.0,0,4,False,False,Low,0.7700000000000387,High,Low,0
,270.47,0.0,0.0,6,Clear,sky is clear,2012-11-30 01:00:00,382.0,1,4,False,False,Low,-2.67999999999995,High,Low,0
,270.47,0.0,0.0,6,Clear,sky is clear,2012-11-30 02:00:00,340.0,2,4,False,False,Low,-2.67999999999995,High,Low,0
,270.47,0.0,0.0,6,Clear,sky is clear,2012-11-30 03:00:00,381.0,3,4,False,False,Low,-2.67999999999995,High,Low,0
,270.47,0.0,0.0,6,Clear,sky is clear,2012-11-30 04:00:00,784.0,4,4,False,False,Low,-2.67999999999995,High,Low,0
,270.47,0.0,0.0,6,Clear,sky is clear,2012-11-30 05:00:00,2468.0,5,4,False,False,Medium,-2.67999999999995,High,Low,0
,270.47,0.0,0.0,6,Clear,sky is clear,2012-11-30 06:00:00,5503.0,6,4,False,False,High,-2.67999999999995,High,Low,0
,271.22,0.0,0.0,59,Clouds,broken clouds,2012-11-30 07:00:00,6615.0,7,4,False,True,High,-1.92999999999995,High,Low,0
,271.22,0.0,0.0,59,Clouds,broken clouds,2012-11-30 08:00:00,5913.0,8,4,False,True,High,-1.92999999999995,High,Low,0
,271.22,0.0,0.0,59,Clouds,broken clouds,2012-11-30 09:00:00,5171.0,9,4,False,True,High,-1.92999999999995,High,Low,0
,271.22,0.0,0.0,59,Clouds,broken clouds,2012-11-30 10:00:00,4840.0,10,4,False,False,High,-1.92999999999995,High,Low,0
,271.22,0.0,0.0,59,Clouds,broken clouds,2012-11-30 11:00:00,5263.0,11,4,False,False,High,-1.92999999999995,High,Low,0
,276.53,0.0,0.0,75,Clouds,broken clouds,2012-11-30 13:00:00,5446.0,13,4,False,False,High,3.3799999999999955,High,Low,0
,276.41,0.0,0.0,75,Clouds,broken clouds,2012-11-30 14:00:00,5746.0,14,4,False,False,High,3.2600000000000477,High,Low,0
,275.76,0.0,0.0,90,Clouds,overcast clouds,2012-11-30 15:00:00,6110.0,15,4,False,False,High,2.6100000000000136,High,Low,0
,275.24,0.0,0.0,90,Clouds,overcast clouds,2012-11-30 16:00:00,6749.0,16,4,False,True,High,2.090000000000032,High,Low,0
,274.48,0.0,0.0,90,Clouds,overcast clouds,2012-11-30 17:00:00,5518.0,17,4,False,True,High,1.330000000000041,High,Low,0
,273.88,0.0,0.0,90,Clouds,overcast clouds,2012-11-30 18:00:00,5420.0,18,4,False,True,High,0.7300000000000182,High,Low,0
,273.45,0.0,0.0,90,Clouds,overcast clouds,2012-11-30 19:00:00,3618.0,19,4,False,False,Medium,0.30000000000001137,High,Low,0
,272.8,0.0,0.0,90,Clouds,overcast clouds,2012-11-30 20:00:00,3020.0,20,4,False,False,Medium,-0.3499999999999659,High,Low,0
,272.38,0.0,0.0,90,Clouds,overcast clouds,2012-11-30 21:00:00,2987.0,21,4,False,False,Medium,-0.7699999999999818,High,Low,0
,272.33,0.0,0.0,90,Clouds,overcast clouds,2012-11-30 22:00:00,2644.0,22,4,False,False,Medium,-0.8199999999999932,High,Low,0
,272.14,0.0,0.0,90,Clouds,overcast clouds,2012-11-30 23:00:00,1799.0,23,4,False,False,Low,-1.009999999999991,High,Low,0
,272.0,0.0,0.0,90,Clouds,overcast clouds,2012-12-01 00:00:00,1103.0,0,5,True,False,Low,-1.1499999999999773,High,Low,0
,272.13,0.0,0.0,90,Clouds,overcast clouds,2012-12-01 01:00:00,702.0,1,5,True,False,Low,-1.0199999999999818,High,Low,0
,271.81,0.0,0.0,90,Clouds,overcast clouds,2012-12-01 02:00:00,588.0,2,5,True,False,Low,-1.339999999999975,High,Low,0
,271.63,0.0,0.0,90,Clouds,overcast clouds,2012-12-01 03:00:00,411.0,3,5,True,False,Low,-1.5199999999999818,High,Low,0
,271.54,0.0,0.0,90,Clouds,overcast clouds,2012-12-01 04:00:00,384.0,4,5,True,False,Low,-1.6099999999999568,High,Low,0
,271.68,0.0,0.0,90,Clouds,overcast clouds,2012-12-01 05:00:00,748.0,5,5,True,False,Low,-1.4699999999999704,High,Low,0
,272.23,0.0,0.0,90,Clouds,overcast clouds,2012-12-01 06:00:00,1274.0,6,5,True,False,Low,-0.9199999999999591,High,Low,0
,272.53,0.0,0.0,90,Haze,haze,2012-12-01 07:00:00,2192.0,7,5,True,False,Medium,-0.6200000000000045,High,Low,0
,273.09,0.0,0.0,90,Haze,haze,2012-12-01 08:00:00,2953.0,8,5,True,False,Medium,-0.060000000000002274,High,Low,0
,273.09,0.0,0.0,90,Mist,mist,2012-12-01 08:00:00,2953.0,8,5,True,False,Medium,-0.060000000000002274,High,Low,0
,273.42,0.0,0.0,90,Haze,haze,2012-12-01 09:00:00,3648.0,9,5,True,False,Medium,0.27000000000003865,High,Low,0
,273.42,0.0,0.0,90,Mist,mist,2012-12-01 09:00:00,3648.0,9,5,True,False,Medium,0.27000000000003865,High,Low,0
,273.79,0.0,0.0,90,Haze,haze,2012-12-01 10:00:00,3971.0,10,5,True,False,Medium,0.6400000000000432,High,Low,0
,273.79,0.0,0.0,90,Mist,mist,2012-12-01 10:00:00,3971.0,10,5,True,False,Medium,0.6400000000000432,High,Low,0
,274.06,0.0,0.0,90,Haze,haze,2012-12-01 11:00:00,4618.0,11,5,True,False,Medium,0.910000000000025,High,Low,0
,274.06,0.0,0.0,90,Mist,mist,2012-12-01 11:00:00,4618.0,11,5,True,False,Medium,0.910000000000025,High,Low,0
,274.38,0.0,0.0,90,Haze,haze,2012-12-01 12:00:00,5161.0,12,5,True,False,High,1.2300000000000182,High,Low,0
,274.38,0.0,0.0,90,Mist,mist,2012-12-01 12:00:00,5161.0,12,5,True,False,High,1.2300000000000182,High,Low,0
,274.57,0.0,0.0,90,Haze,haze,2012-12-01 13:00:00,4986.0,13,5,True,False,High,1.420000000000016,High,Low,0
,274.57,0.0,0.0,90,Mist,mist,2012-12-01 13:00:00,4986.0,13,5,True,False,High,1.420000000000016,High,Low,0
,274.84,0.0,0.0,90,Haze,haze,2012-12-01 14:00:00,4919.0,14,5,True,False,High,1.6899999999999977,High,Low,0
,274.84,0.0,0.0,90,Mist,mist,2012-12-01 14:00:00,4919.0,14,5,True,False,High,1.6899999999999977,High,Low,0
,274.72,0.0,0.0,90,Haze,haze,2012-12-01 15:00:00,4819.0,15,5,True,False,High,1.57000000000005,High,Low,0
,274.72,0.0,0.0,90,Mist,mist,2012-12-01 15:00:00,4819.0,15,5,True,False,High,1.57000000000005,High,Low,0
,274.56,0.0,0.0,90,Haze,haze,2012-12-01 16:00:00,5085.0,16,5,True,False,High,1.410000000000025,High,Low,0
,274.56,0.0,0.0,90,Mist,mist,2012-12-01 16:00:00,5085.0,16,5,True,False,High,1.410000000000025,High,Low,0
,274.56,0.0,0.0,90,Clouds,overcast clouds,2012-12-01 17:00:00,5231.0,17,5,True,False,High,1.410000000000025,High,Low,0
,274.38,0.0,0.0,90,Haze,haze,2012-12-01 18:00:00,4788.0,18,5,True,False,High,1.2300000000000182,High,Low,0
,274.38,0.0,0.0,90,Mist,mist,2012-12-01 18:00:00,4788.0,18,5,True,False,High,1.2300000000000182,High,Low,0
,274.04,0.0,0.0,90,Mist,mist,2012-12-01 19:00:00,3288.0,19,5,True,False,Medium,0.8900000000000432,High,Low,0
,274.04,0.0,0.0,90,Haze,haze,2012-12-01 19:00:00,3288.0,19,5,True,False,Medium,0.8900000000000432,High,Low,0
,273.86,0.0,0.0,90,Mist,mist,2012-12-01 20:00:00,2746.0,20,5,True,False,Medium,0.7100000000000364,High,Low,0
,273.86,0.0,0.0,90,Haze,haze,2012-12-01 20:00:00,2746.0,20,5,True,False,Medium,0.7100000000000364,High,Low,0
,273.86,0.0,0.0,90,Mist,mist,2012-12-01 21:00:00,2616.0,21,5,True,False,Medium,0.7100000000000364,High,Low,0
,273.86,0.0,0.0,90,Mist,mist,2012-12-01 22:00:00,2489.0,22,5,True,False,Medium,0.7100000000000364,High,Low,0
,274.0,0.0,0.0,90,Mist,mist,2012-12-01 23:00:00,1917.0,23,5,True,False,Low,0.8500000000000227,High,Low,0
,274.01,0.0,0.0,90,Mist,mist,2012-12-02 00:00:00,1341.0,0,6,True,False,Low,0.8600000000000136,High,Low,0
,274.52,0.0,0.0,90,Mist,mist,2012-12-02 01:00:00,825.0,1,6,True,False,Low,1.3700000000000045,High,Low,0
,274.8,0.0,0.0,90,Mist,mist,2012-12-02 02:00:00,627.0,2,6,True,False,Low,1.650000000000034,High,Low,0
,275.18,0.0,0.0,90,Mist,mist,2012-12-02 03:00:00,339.0,3,6,True,False,Low,2.0300000000000296,High,Low,0
,275.59,0.0,0.0,90,Mist,mist,2012-12-02 04:00:00,301.0,4,6,True,False,Low,2.4399999999999977,High,Low,0
,275.91,0.0,0.0,90,Mist,mist,2012-12-02 05:00:00,447.0,5,6,True,False,Low,2.7600000000000477,High,Low,0
,275.73,0.0,0.0,90,Mist,mist,2012-12-02 06:00:00,667.0,6,6,True,False,Low,2.580000000000041,High,Low,0
,275.86,0.0,0.0,90,Mist,mist,2012-12-02 07:00:00,1029.0,7,6,True,False,Low,2.7100000000000364,High,Low,0
,276.24,0.0,0.0,90,Mist,mist,2012-12-02 08:00:00,1613.0,8,6,True,False,Low,3.090000000000032,High,Low,0
,277.86,0.0,0.0,100,Rain,light rain,2012-12-02 10:00:00,3179.0,10,6,True,False,Medium,4.710000000000036,High,Low,0
,277.86,0.0,0.0,100,Rain,light rain,2012-12-02 11:00:00,3642.0,11,6,True,False,Medium,4.710000000000036,High,Low,0
,279.43,0.0,0.0,100,Rain,light rain,2012-12-02 12:00:00,3770.0,12,6,True,False,Medium,6.28000000000003,Medium,Low,0
,279.85,0.0,0.0,90,Mist,mist,2012-12-02 13:00:00,3924.0,13,6,True,False,Medium,6.7000000000000455,Medium,Low,0
,279.85,0.0,0.0,90,Haze,haze,2012-12-02 13:00:00,3924.0,13,6,True,False,Medium,6.7000000000000455,Medium,Low,0
,280.55,0.0,0.0,90,Mist,mist,2012-12-02 14:00:00,3696.0,14,6,True,False,Medium,7.400000000000034,Medium,Low,0
,280.55,0.0,0.0,90,Haze,haze,2012-12-02 14:00:00,3696.0,14,6,True,False,Medium,7.400000000000034,Medium,Low,0
,280.8,0.0,0.0,90,Mist,mist,2012-12-02 15:00:00,4329.0,15,6,True,False,Medium,7.650000000000034,Medium,Low,0
,280.8,0.0,0.0,90,Haze,haze,2012-12-02 15:00:00,4329.0,15,6,True,False,Medium,7.650000000000034,Medium,Low,0
,280.8,0.0,0.0,90,Haze,haze,2012-12-02 16:00:00,4135.0,16,6,True,False,Medium,7.650000000000034,Medium,Low,0
,280.8,0.0,0.0,90,Mist,mist,2012-12-02 16:00:00,4135.0,16,6,True,False,Medium,7.650000000000034,Medium,Low,0
,280.65,0.0,0.0,90,Haze,haze,2012-12-02 17:00:00,3938.0,17,6,True,False,Medium,7.5,Medium,Low,0
,280.65,0.0,0.0,90,Mist,mist,2012-12-02 17:00:00,3938.0,17,6,True,False,Medium,7.5,Medium,Low,0
,279.0,0.0,0.0,90,Haze,haze,2012-12-02 18:00:00,3243.0,18,6,True,False,Medium,5.850000000000023,Medium,Low,0
,279.0,0.0,0.0,90,Mist,mist,2012-12-02 18:00:00,3243.0,18,6,True,False,Medium,5.850000000000023,Medium,Low,0
,277.24,0.0,0.0,40,Mist,mist,2012-12-02 19:00:00,2731.0,19,6,True,False,Medium,4.090000000000032,High,Low,0
,276.8,0.0,0.0,90,Mist,mist,2012-12-02 20:00:00,2319.0,20,6,True,False,Medium,3.650000000000034,High,Low,0
,276.38,0.0,0.0,90,Mist,mist,2012-12-02 21:00:00,2093.0,21,6,True,False,Low,3.230000000000018,High,Low,0
,276.55,0.0,0.0,90,Mist,mist,2012-12-02 22:00:00,2350.0,22,6,True,False,Medium,3.400000000000034,High,Low,0
,276.01,0.0,0.0,75,Mist,mist,2012-12-02 23:00:00,930.0,23,6,True,False,Low,2.8600000000000136,High,Low,0
,276.01,0.0,0.0,75,Rain,light rain,2012-12-02 23:00:00,930.0,23,6,True,False,Low,2.8600000000000136,High,Low,0
,274.55,0.0,0.0,20,Mist,mist,2012-12-03 00:00:00,496.0,0,0,False,False,Low,1.400000000000034,High,Low,0
,274.55,0.0,0.0,20,Fog,fog,2012-12-03 00:00:00,496.0,0,0,False,False,Low,1.400000000000034,High,Low,0
,273.38,0.0,0.0,1,Fog,fog,2012-12-03 01:00:00,273.0,1,0,False,False,Low,0.2300000000000182,High,Low,0
,273.38,0.0,0.0,1,Mist,mist,2012-12-03 01:00:00,273.0,1,0,False,False,Low,0.2300000000000182,High,Low,0
,272.68,0.0,0.0,1,Mist,mist,2012-12-03 02:00:00,234.0,2,0,False,False,Low,-0.46999999999997044,High,Low,0
,272.68,0.0,0.0,1,Fog,fog,2012-12-03 02:00:00,234.0,2,0,False,False,Low,-0.46999999999997044,High,Low,0
,272.45,0.0,0.0,1,Mist,mist,2012-12-03 03:00:00,291.0,3,0,False,False,Low,-0.6999999999999886,High,Low,0
,272.45,0.0,0.0,1,Fog,fog,2012-12-03 03:00:00,291.0,3,0,False,False,Low,-0.6999999999999886,High,Low,0
,271.65,0.0,0.0,20,Mist,mist,2012-12-03 04:00:00,802.0,4,0,False,False,Low,-1.5,High,Low,0
,271.65,0.0,0.0,20,Fog,fog,2012-12-03 04:00:00,802.0,4,0,False,False,Low,-1.5,High,Low,0
,271.25,0.0,0.0,90,Fog,fog,2012-12-03 05:00:00,2518.0,5,0,False,False,Medium,-1.8999999999999773,High,Low,0
,271.06,0.0,0.0,90,Fog,fog,2012-12-03 06:00:00,5506.0,6,0,False,False,High,-2.089999999999975,High,Low,0
,271.48,0.0,0.0,90,Fog,fog,2012-12-03 07:00:00,6393.0,7,0,False,True,High,-1.669999999999959,High,Low,0
,271.33,0.0,0.0,90,Fog,fog,2012-12-03 08:00:00,5800.0,8,0,False,True,High,-1.8199999999999932,High,Low,0
,271.33,0.0,0.0,90,Mist,mist,2012-12-03 08:00:00,5800.0,8,0,False,True,High,-1.8199999999999932,High,Low,0
,271.94,0.0,0.0,90,Fog,fog,2012-12-03 09:00:00,5064.0,9,0,False,True,High,-1.2099999999999795,High,Low,0
,271.94,0.0,0.0,90,Mist,mist,2012-12-03 09:00:00,5064.0,9,0,False,True,High,-1.2099999999999795,High,Low,0
,273.36,0.0,0.0,90,Mist,mist,2012-12-03 10:00:00,4442.0,10,0,False,False,Medium,0.21000000000003638,High,Low,0
,273.36,0.0,0.0,90,Fog,fog,2012-12-03 10:00:00,4442.0,10,0,False,False,Medium,0.21000000000003638,High,Low,0
,274.34,0.0,0.0,90,Mist,mist,2012-12-03 11:00:00,4544.0,11,0,False,False,Medium,1.1899999999999977,High,Low,0
,274.34,0.0,0.0,90,Fog,fog,2012-12-03 11:00:00,4544.0,11,0,False,False,Medium,1.1899999999999977,High,Low,0
,274.89,0.0,0.0,90,Fog,fog,2012-12-03 12:00:00,4777.0,12,0,False,False,High,1.740000000000009,High,Low,0
,274.89,0.0,0.0,90,Mist,mist,2012-12-03 12:00:00,4777.0,12,0,False,False,High,1.740000000000009,High,Low,0
,275.01,0.0,0.0,90,Mist,mist,2012-12-03 13:00:00,4810.0,13,0,False,False,High,1.8600000000000136,High,Low,0
,275.01,0.0,0.0,90,Fog,fog,2012-12-03 13:00:00,4810.0,13,0,False,False,High,1.8600000000000136,High,Low,0
,276.07,0.0,0.0,90,Mist,mist,2012-12-03 14:00:00,5310.0,14,0,False,False,High,2.920000000000016,High,Low,0
,276.06,0.0,0.0,90,Mist,mist,2012-12-03 15:00:00,5678.0,15,0,False,False,High,2.910000000000025,High,Low,0
,275.85,0.0,0.0,90,Mist,mist,2012-12-03 16:00:00,6334.0,16,0,False,True,High,2.7000000000000455,High,Low,0
,275.78,0.0,0.0,90,Mist,mist,2012-12-03 17:00:00,5914.0,17,0,False,True,High,2.6299999999999955,High,Low,0
,275.83,0.0,0.0,90,Mist,mist,2012-12-03 18:00:00,4179.0,18,0,False,True,Medium,2.680000000000007,High,Low,0
,276.06,0.0,0.0,90,Mist,mist,2012-12-03 19:00:00,3076.0,19,0,False,False,Medium,2.910000000000025,High,Low,0
,276.44,0.0,0.0,75,Mist,mist,2012-12-03 20:00:00,2478.0,20,0,False,False,Medium,3.2900000000000205,High,Low,0
,277.14,0.0,0.0,90,Mist,mist,2012-12-03 21:00:00,2159.0,21,0,False,False,Medium,3.990000000000009,High,Low,0
,277.33,0.0,0.0,75,Mist,mist,2012-12-03 22:00:00,1399.0,22,0,False,False,Low,4.180000000000007,High,Low,0
,277.41,0.0,0.0,75,Mist,mist,2012-12-03 23:00:00,1006.0,23,0,False,False,Low,4.260000000000048,High,Low,0
,277.83,0.0,0.0,40,Mist,mist,2012-12-04 00:00:00,516.0,0,1,False,False,Low,4.680000000000007,High,Low,0
,278.49,0.0,0.0,75,Mist,mist,2012-12-04 01:00:00,346.0,1,1,False,False,Low,5.340000000000032,Medium,Low,0
,279.15,0.0,0.0,90,Mist,mist,2012-12-04 02:00:00,253.0,2,1,False,False,Low,6.0,Medium,Low,0
,279.82,0.0,0.0,75,Mist,mist,2012-12-04 03:00:00,347.0,3,1,False,False,Low,6.670000000000016,Medium,Low,0
,280.51,0.0,0.0,90,Mist,mist,2012-12-04 04:00:00,802.0,4,1,False,False,Low,7.360000000000014,Medium,Low,0
,281.03,0.0,0.0,90,Mist,mist,2012-12-04 05:00:00,2638.0,5,1,False,False,Medium,7.8799999999999955,Medium,Low,0
,282.45,0.0,0.0,90,Mist,mist,2012-12-04 07:00:00,7051.0,7,1,False,True,High,9.300000000000011,Medium,Low,0
,283.32,0.0,0.0,90,Mist,mist,2012-12-04 08:00:00,6112.0,8,1,False,True,High,10.170000000000016,Medium,Low,0
,283.74,0.0,0.0,90,Drizzle,light intensity drizzle,2012-12-04 09:00:00,5388.0,9,1,False,True,High,10.590000000000032,Medium,Low,0
,283.74,0.0,0.0,90,Mist,mist,2012-12-04 09:00:00,5388.0,9,1,False,True,High,10.590000000000032,Medium,Low,0
,284.35,0.0,0.0,90,Mist,mist,2012-12-04 10:00:00,4489.0,10,1,False,False,Medium,11.200000000000045,Medium,Low,0
,284.35,0.0,0.0,90,Drizzle,light intensity drizzle,2012-12-04 10:00:00,4489.0,10,1,False,False,Medium,11.200000000000045,Medium,Low,0
,284.95,0.0,0.0,90,Rain,light rain,2012-12-04 11:00:00,4731.0,11,1,False,False,High,11.800000000000011,Medium,Low,0
,284.95,0.0,0.0,90,Mist,mist,2012-12-04 11:00:00,4731.0,11,1,False,False,High,11.800000000000011,Medium,Low,0
,284.95,0.0,0.0,90,Drizzle,light intensity drizzle,2012-12-04 11:00:00,4731.0,11,1,False,False,High,11.800000000000011,Medium,Low,0
,285.11,0.0,0.0,90,Mist,mist,2012-12-04 12:00:00,4816.0,12,1,False,False,High,11.960000000000036,Medium,Low,0
,285.0,0.0,0.0,75,Haze,haze,2012-12-04 13:00:00,4918.0,13,1,False,False,High,11.850000000000023,Medium,Low,0
,284.74,0.0,0.0,75,Clouds,broken clouds,2012-12-04 14:00:00,5292.0,14,1,False,False,High,11.590000000000032,Medium,Low,0
,284.6,0.0,0.0,75,Clouds,broken clouds,2012-12-04 15:00:00,5657.0,15,1,False,False,High,11.450000000000045,Medium,Low,0
,283.7,0.0,0.0,40,Clouds,scattered clouds,2012-12-04 16:00:00,6647.0,16,1,False,True,High,10.550000000000011,Medium,Low,0
,281.44,0.0,0.0,20,Clouds,few clouds,2012-12-04 17:00:00,6434.0,17,1,False,True,High,8.29000000000002,Medium,Low,0
,280.78,0.0,0.0,1,Clear,sky is clear,2012-12-04 18:00:00,4551.0,18,1,False,True,Medium,7.6299999999999955,Medium,Low,0
,279.48,0.0,0.0,1,Clear,sky is clear,2012-12-04 19:00:00,3186.0,19,1,False,False,Medium,6.330000000000041,Medium,Low,0
,279.19,0.0,0.0,1,Clear,sky is clear,2012-12-04 20:00:00,2773.0,20,1,False,False,Medium,6.0400000000000205,Medium,Low,0
,278.97,0.0,0.0,1,Clear,sky is clear,2012-12-04 21:00:00,2360.0,21,1,False,False,Medium,5.82000000000005,Medium,Low,0
,279.14,0.0,0.0,1,Clear,sky is clear,2012-12-04 22:00:00,1811.0,22,1,False,False,Low,5.990000000000009,Medium,Low,0
,278.98,0.0,0.0,1,Clear,sky is clear,2012-12-04 23:00:00,2544.0,23,1,False,False,Medium,5.830000000000041,Medium,Low,0
,278.44,0.0,0.0,1,Clear,sky is clear,2012-12-05 01:00:00,381.0,1,2,False,False,Low,5.2900000000000205,Medium,Low,0
,277.08,0.0,0.0,1,Clear,sky is clear,2012-12-05 02:00:00,264.0,2,2,False,False,Low,3.930000000000007,High,Low,0
,276.05,0.0,0.0,1,Clear,sky is clear,2012-12-05 03:00:00,341.0,3,2,False,False,Low,2.900000000000034,High,Low,0
,274.88,0.0,0.0,1,Clear,sky is clear,2012-12-05 04:00:00,783.0,4,2,False,False,Low,1.7300000000000182,High,Low,0
,273.75,0.0,0.0,1,Clear,sky is clear,2012-12-05 05:00:00,2612.0,5,2,False,False,Medium,0.6000000000000227,High,Low,0
,272.42,0.0,0.0,1,Clear,sky is clear,2012-12-05 06:00:00,5900.0,6,2,False,False,High,-0.7299999999999613,High,Low,0
,271.56,0.0,0.0,20,Clouds,few clouds,2012-12-05 07:00:00,5922.0,7,2,False,True,High,-1.589999999999975,High,Low,0
,270.85,0.0,0.0,20,Clouds,few clouds,2012-12-05 08:00:00,6888.0,8,2,False,True,High,-2.2999999999999545,High,Low,0
,271.19,0.0,0.0,1,Clear,sky is clear,2012-12-05 09:00:00,5345.0,9,2,False,True,High,-1.9599999999999795,High,Low,0
,271.25,0.0,0.0,1,Clear,sky is clear,2012-12-05 10:00:00,4536.0,10,2,False,False,Medium,-1.8999999999999773,High,Low,0
,272.11,0.0,0.0,1,Clear,sky is clear,2012-12-05 11:00:00,4757.0,11,2,False,False,High,-1.0399999999999636,High,Low,0
,272.82,0.0,0.0,1,Clear,sky is clear,2012-12-05 12:00:00,4961.0,12,2,False,False,High,-0.3299999999999841,High,Low,0
,272.92,0.0,0.0,1,Clear,sky is clear,2012-12-05 13:00:00,4967.0,13,2,False,False,High,-0.22999999999996135,High,Low,0
,272.86,0.0,0.0,1,Clear,sky is clear,2012-12-05 14:00:00,5346.0,14,2,False,False,High,-0.2899999999999636,High,Low,0
,272.51,0.0,0.0,1,Clear,sky is clear,2012-12-05 15:00:00,5867.0,15,2,False,False,High,-0.6399999999999864,High,Low,0
,271.39,0.0,0.0,1,Clear,sky is clear,2012-12-05 16:00:00,6605.0,16,2,False,True,High,-1.759999999999991,High,Low,0
,270.08,0.0,0.0,1,Clear,sky is clear,2012-12-05 17:00:00,6074.0,17,2,False,True,High,-3.069999999999993,High,Low,0
,269.27,0.0,0.0,1,Clear,sky is clear,2012-12-05 18:00:00,4557.0,18,2,False,True,Medium,-3.8799999999999955,High,Low,0
,268.62,0.0,0.0,1,Clear,sky is clear,2012-12-05 19:00:00,3177.0,19,2,False,False,Medium,-4.529999999999973,High,Low,0
,267.8,0.0,0.0,1,Clear,sky is clear,2012-12-05 20:00:00,2788.0,20,2,False,False,Medium,-5.349999999999966,High,Low,0
,267.34,0.0,0.0,1,Clear,sky is clear,2012-12-05 21:00:00,2416.0,21,2,False,False,Medium,-5.810000000000002,High,Low,0
,267.41,0.0,0.0,1,Clear,sky is clear,2012-12-05 22:00:00,1946.0,22,2,False,False,Low,-5.739999999999952,High,Low,0
,267.04,0.0,0.0,40,Clouds,scattered clouds,2012-12-05 23:00:00,1056.0,23,2,False,False,Low,-6.109999999999957,High,Low,0
,266.24,0.0,0.0,40,Clouds,scattered clouds,2012-12-06 00:00:00,536.0,0,3,False,False,Low,-6.909999999999968,High,Low,0
,266.08,0.0,0.0,40,Clouds,scattered clouds,2012-12-06 01:00:00,348.0,1,3,False,False,Low,-7.069999999999993,High,Low,0
,265.62,0.0,0.0,40,Clouds,scattered clouds,2012-12-06 02:00:00,273.0,2,3,False,False,Low,-7.529999999999973,High,Low,0
,265.22,0.0,0.0,40,Clouds,scattered clouds,2012-12-06 03:00:00,382.0,3,3,False,False,Low,-7.92999999999995,High,Low,0
,265.26,0.0,0.0,40,Clouds,scattered clouds,2012-12-06 04:00:00,780.0,4,3,False,False,Low,-7.889999999999986,High,Low,0
,265.26,0.0,0.0,40,Clouds,scattered clouds,2012-12-06 05:00:00,2627.0,5,3,False,False,Medium,-7.889999999999986,High,Low,0
,265.53,0.0,0.0,75,Clouds,broken clouds,2012-12-06 06:00:00,5545.0,6,3,False,False,High,-7.6200000000000045,High,Low,0
,265.58,0.0,0.0,75,Clouds,broken clouds,2012-12-06 07:00:00,6789.0,7,3,False,True,High,-7.569999999999993,High,Low,0
,265.98,0.0,0.0,75,Clouds,broken clouds,2012-12-06 08:00:00,6298.0,8,3,False,True,High,-7.169999999999959,High,Low,0
,267.26,0.0,0.0,75,Clouds,broken clouds,2012-12-06 09:00:00,5391.0,9,3,False,True,High,-5.889999999999986,High,Low,0
,269.34,0.0,0.0,75,Clouds,broken clouds,2012-12-06 10:00:00,4540.0,10,3,False,False,Medium,-3.8100000000000023,High,Low,0
,270.72,0.0,0.0,75,Clouds,broken clouds,2012-12-06 11:00:00,5001.0,11,3,False,False,High,-2.42999999999995,High,Low,0
,272.35,0.0,0.0,75,Clouds,broken clouds,2012-12-06 12:00:00,5098.0,12,3,False,False,High,-0.7999999999999545,High,Low,0
,273.73,0.0,0.0,75,Clouds,broken clouds,2012-12-06 13:00:00,5113.0,13,3,False,False,High,0.5800000000000409,High,Low,0
,274.13,0.0,0.0,90,Clouds,overcast clouds,2012-12-06 14:00:00,5522.0,14,3,False,False,High,0.9800000000000182,High,Low,0
,274.79,0.0,0.0,90,Clouds,overcast clouds,2012-12-06 15:00:00,5879.0,15,3,False,False,High,1.6400000000000432,High,Low,0
,274.96,0.0,0.0,90,Clouds,overcast clouds,2012-12-06 16:00:00,6695.0,16,3,False,True,High,1.8100000000000023,High,Low,0
,275.13,0.0,0.0,90,Clouds,overcast clouds,2012-12-06 17:00:00,6587.0,17,3,False,True,High,1.9800000000000182,High,Low,0
,275.58,0.0,0.0,90,Clouds,overcast clouds,2012-12-06 18:00:00,4564.0,18,3,False,True,Medium,2.430000000000007,High,Low,0
,275.75,0.0,0.0,90,Clouds,overcast clouds,2012-12-06 19:00:00,3429.0,19,3,False,False,Medium,2.6000000000000227,High,Low,0
,276.37,0.0,0.0,90,Clouds,overcast clouds,2012-12-06 20:00:00,2983.0,20,3,False,False,Medium,3.2200000000000273,High,Low,0
,276.66,0.0,0.0,90,Clouds,overcast clouds,2012-12-06 21:00:00,3225.0,21,3,False,False,Medium,3.5100000000000477,High,Low,0
,276.78,0.0,0.0,90,Clouds,overcast clouds,2012-12-06 22:00:00,2092.0,22,3,False,False,Low,3.6299999999999955,High,Low,0
,277.52,0.0,0.0,90,Clouds,overcast clouds,2012-12-06 23:00:00,1204.0,23,3,False,False,Low,4.3700000000000045,High,Low,0
,277.85,0.0,0.0,90,Clouds,overcast clouds,2012-12-07 00:00:00,629.0,0,4,False,False,Low,4.7000000000000455,High,Low,0
,278.47,0.0,0.0,90,Clouds,overcast clouds,2012-12-07 01:00:00,419.0,1,4,False,False,Low,5.32000000000005,Medium,Low,0
,279.16,0.0,0.0,90,Clouds,overcast clouds,2012-12-07 02:00:00,322.0,2,4,False,False,Low,6.010000000000048,Medium,Low,0
,279.61,0.0,0.0,90,Drizzle,light intensity drizzle,2012-12-07 03:00:00,375.0,3,4,False,False,Low,6.460000000000036,Medium,Low,0
,280.07,0.0,0.0,90,Clouds,overcast clouds,2012-12-07 04:00:00,743.0,4,4,False,False,Low,6.920000000000016,Medium,Low,0
,280.44,0.0,0.0,90,Clouds,overcast clouds,2012-12-07 05:00:00,2480.0,5,4,False,False,Medium,7.2900000000000205,Medium,Low,0
,280.17,0.0,0.0,90,Drizzle,light intensity drizzle,2012-12-07 06:00:00,5555.0,6,4,False,False,High,7.020000000000039,Medium,Low,0
,280.17,0.0,0.0,90,Drizzle,drizzle,2012-12-07 06:00:00,5555.0,6,4,False,False,High,7.020000000000039,Medium,Low,0
,279.21,0.0,0.0,90,Clouds,overcast clouds,2012-12-07 08:00:00,6012.0,8,4,False,True,High,6.060000000000002,Medium,Low,0
,278.93,0.0,0.0,75,Clouds,broken clouds,2012-12-07 09:00:00,5253.0,9,4,False,True,High,5.78000000000003,Medium,Low,0
,278.85,0.0,0.0,75,Clouds,broken clouds,2012-12-07 10:00:00,4832.0,10,4,False,False,High,5.7000000000000455,Medium,Low,0
,278.64,0.0,0.0,40,Clouds,scattered clouds,2012-12-07 11:00:00,5404.0,11,4,False,False,High,5.490000000000009,Medium,Low,0
,278.98,0.0,0.0,40,Clouds,scattered clouds,2012-12-07 12:00:00,5654.0,12,4,False,False,High,5.830000000000041,Medium,Low,0
,278.49,0.0,0.0,40,Clouds,scattered clouds,2012-12-07 13:00:00,5727.0,13,4,False,False,High,5.340000000000032,Medium,Low,0
,278.68,0.0,0.0,40,Clouds,scattered clouds,2012-12-07 14:00:00,5918.0,14,4,False,False,High,5.53000000000003,Medium,Low,0
,278.39,0.0,0.0,40,Clouds,scattered clouds,2012-12-07 15:00:00,5938.0,15,4,False,False,High,5.240000000000009,Medium,Low,0
,277.54,0.0,0.0,75,Clouds,broken clouds,2012-12-07 16:00:00,6082.0,16,4,False,True,High,4.390000000000043,High,Low,0
,276.58,0.0,0.0,75,Clouds,broken clouds,2012-12-07 17:00:00,5376.0,17,4,False,True,High,3.430000000000007,High,Low,0
,275.9,0.0,0.0,90,Clouds,overcast clouds,2012-12-07 18:00:00,4270.0,18,4,False,True,Medium,2.75,High,Low,0
,274.77,0.0,0.0,90,Clouds,overcast clouds,2012-12-07 19:00:00,3231.0,19,4,False,False,Medium,1.6200000000000045,High,Low,0
,274.03,0.0,0.0,90,Clouds,overcast clouds,2012-12-07 20:00:00,2617.0,20,4,False,False,Medium,0.8799999999999955,High,Low,0
,272.49,0.0,0.0,75,Clouds,broken clouds,2012-12-07 21:00:00,2995.0,21,4,False,False,Medium,-0.6599999999999682,High,Low,0
,271.3,0.0,0.0,20,Clouds,few clouds,2012-12-07 22:00:00,2652.0,22,4,False,False,Medium,-1.849999999999966,High,Low,0
,270.09,0.0,0.0,40,Clouds,scattered clouds,2012-12-07 23:00:00,1667.0,23,4,False,False,Low,-3.0600000000000023,High,Low,0
,269.47,0.0,0.0,40,Clouds,scattered clouds,2012-12-08 00:00:00,1072.0,0,5,True,False,Low,-3.67999999999995,High,Low,0
,269.28,0.0,0.0,20,Clouds,few clouds,2012-12-08 01:00:00,674.0,1,5,True,False,Low,-3.8700000000000045,High,Low,0
,269.11,0.0,0.0,75,Clouds,broken clouds,2012-12-08 02:00:00,526.0,2,5,True,False,Low,-4.039999999999964,High,Low,0
,268.89,0.0,0.0,40,Clouds,scattered clouds,2012-12-08 03:00:00,356.0,3,5,True,False,Low,-4.259999999999991,High,Low,0
,268.65,0.0,0.0,40,Clouds,scattered clouds,2012-12-08 04:00:00,418.0,4,5,True,False,Low,-4.5,High,Low,0
,268.32,0.0,0.0,75,Clouds,broken clouds,2012-12-08 05:00:00,713.0,5,5,True,False,Low,-4.829999999999984,High,Low,0
,267.92,0.0,0.0,75,Clouds,broken clouds,2012-12-08 06:00:00,1192.0,6,5,True,False,Low,-5.229999999999961,High,Low,0
,268.12,0.0,0.0,75,Clouds,broken clouds,2012-12-08 07:00:00,1881.0,7,5,True,False,Low,-5.029999999999973,High,Low,0
,267.58,0.0,0.0,40,Clouds,scattered clouds,2012-12-08 08:00:00,2687.0,8,5,True,False,Medium,-5.569999999999993,High,Low,0
,269.74,0.0,0.0,90,Clouds,overcast clouds,2012-12-08 09:00:00,3421.0,9,5,True,False,Medium,-3.409999999999968,High,Low,0
,270.85,0.0,0.0,90,Clouds,overcast clouds,2012-12-08 10:00:00,3724.0,10,5,True,False,Medium,-2.2999999999999545,High,Low,0
,271.65,0.0,0.0,90,Clouds,overcast clouds,2012-12-08 11:00:00,4465.0,11,5,True,False,Medium,-1.5,High,Low,0
,272.08,0.0,0.0,90,Clouds,overcast clouds,2012-12-08 12:00:00,5009.0,12,5,True,False,High,-1.0699999999999932,High,Low,0
,272.3,0.0,0.0,90,Snow,heavy snow,2012-12-08 13:00:00,5163.0,13,5,True,False,High,-0.8499999999999659,High,Low,0
,272.02,0.0,0.0,90,Snow,heavy snow,2012-12-08 14:00:00,4621.0,14,5,True,False,Medium,-1.1299999999999955,High,Low,0
,271.51,0.0,0.0,90,Snow,heavy snow,2012-12-08 15:00:00,4807.0,15,5,True,False,High,-1.6399999999999864,High,Low,0
,271.51,0.0,0.0,90,Mist,mist,2012-12-08 15:00:00,4807.0,15,5,True,False,High,-1.6399999999999864,High,Low,0
,271.39,0.0,0.0,90,Snow,heavy snow,2012-12-08 16:00:00,4983.0,16,5,True,False,High,-1.759999999999991,High,Low,0
,271.39,0.0,0.0,90,Mist,mist,2012-12-08 16:00:00,4983.0,16,5,True,False,High,-1.759999999999991,High,Low,0
,271.11,0.0,0.0,90,Snow,heavy snow,2012-12-08 17:00:00,5327.0,17,5,True,False,High,-2.0399999999999636,High,Low,0
,271.11,0.0,0.0,90,Mist,mist,2012-12-08 17:00:00,5327.0,17,5,True,False,High,-2.0399999999999636,High,Low,0
,271.1,0.0,0.0,100,Clouds,overcast clouds,2012-12-08 19:00:00,3137.0,19,5,True,False,Medium,-2.0499999999999545,High,Low,0
,271.1,0.0,0.0,100,Clouds,overcast clouds,2012-12-08 20:00:00,2678.0,20,5,True,False,Medium,-2.0499999999999545,High,Low,0
,271.1,0.0,0.0,100,Clouds,overcast clouds,2012-12-08 21:00:00,2911.0,21,5,True,False,Medium,-2.0499999999999545,High,Low,0
,271.1,0.0,0.0,100,Clouds,overcast clouds,2012-12-08 22:00:00,2716.0,22,5,True,False,Medium,-2.0499999999999545,High,Low,0
,271.1,0.0,0.0,100,Clouds,overcast clouds,2012-12-08 23:00:00,1860.0,23,5,True,False,Low,-2.0499999999999545,High,Low,0
,269.93,0.0,0.0,93,Clouds,overcast clouds,2012-12-09 01:00:00,774.0,1,6,True,False,Low,-3.2199999999999704,High,Low,0
,269.93,0.0,0.0,93,Clouds,overcast clouds,2012-12-09 02:00:00,540.0,2,6,True,False,Low,-3.2199999999999704,High,Low,0
,269.93,0.0,0.0,93,Clouds,overcast clouds,2012-12-09 03:00:00,321.0,3,6,True,False,Low,-3.2199999999999704,High,Low,0
,269.93,0.0,0.0,93,Clouds,overcast clouds,2012-12-09 04:00:00,291.0,4,6,True,False,Low,-3.2199999999999704,High,Low,0
,269.93,0.0,0.0,93,Clouds,overcast clouds,2012-12-09 05:00:00,458.0,5,6,True,False,Low,-3.2199999999999704,High,Low,0
,269.93,0.0,0.0,93,Clouds,overcast clouds,2012-12-09 06:00:00,759.0,6,6,True,False,Low,-3.2199999999999704,High,Low,0
,269.71,0.0,0.0,0,Clear,sky is clear,2012-12-09 07:00:00,938.0,7,6,True,False,Low,-3.4399999999999977,High,Low,0
,269.71,0.0,0.0,0,Clear,sky is clear,2012-12-09 08:00:00,1438.0,8,6,True,False,Low,-3.4399999999999977,High,Low,0
,269.71,0.0,0.0,0,Clear,sky is clear,2012-12-09 09:00:00,1916.0,9,6,True,False,Low,-3.4399999999999977,High,Low,0
,269.71,0.0,0.0,0,Clear,sky is clear,2012-12-09 10:00:00,2483.0,10,6,True,False,Medium,-3.4399999999999977,High,Low,0
,269.71,0.0,0.0,0,Clear,sky is clear,2012-12-09 11:00:00,2299.0,11,6,True,False,Medium,-3.4399999999999977,High,Low,0
,269.71,0.0,0.0,0,Clear,sky is clear,2012-12-09 12:00:00,1824.0,12,6,True,False,Low,-3.4399999999999977,High,Low,0
,273.62,0.0,0.0,54,Clouds,broken clouds,2012-12-09 13:00:00,1686.0,13,6,True,False,Low,0.4700000000000273,High,Low,0
,273.62,0.0,0.0,54,Clouds,broken clouds,2012-12-09 14:00:00,1715.0,14,6,True,False,Low,0.4700000000000273,High,Low,0
,273.02,0.0,0.0,90,Mist,mist,2012-12-09 15:00:00,1989.0,15,6,True,False,Low,-0.12999999999999545,High,Low,0
,272.55,0.0,0.0,90,Mist,mist,2012-12-09 16:00:00,1773.0,16,6,True,False,Low,-0.5999999999999659,High,Low,0
,271.98,0.0,0.0,90,Mist,mist,2012-12-09 17:00:00,1607.0,17,6,True,False,Low,-1.169999999999959,High,Low,0
,271.87,0.0,0.0,75,Mist,mist,2012-12-09 18:00:00,1338.0,18,6,True,False,Low,-1.2799999999999727,High,Low,0
,271.92,0.0,0.0,90,Clouds,overcast clouds,2012-12-09 19:00:00,1261.0,19,6,True,False,Low,-1.2299999999999613,High,Low,0
,272.14,0.0,0.0,90,Clouds,overcast clouds,2012-12-09 20:00:00,1031.0,20,6,True,False,Low,-1.009999999999991,High,Low,0
,272.12,0.0,0.0,90,Clouds,overcast clouds,2012-12-09 21:00:00,944.0,21,6,True,False,Low,-1.0299999999999727,High,Low,0
,272.35,0.0,0.0,90,Clouds,overcast clouds,2012-12-09 22:00:00,982.0,22,6,True,False,Low,-0.7999999999999545,High,Low,0
,272.93,0.0,0.0,90,Snow,heavy snow,2012-12-09 23:00:00,641.0,23,6,True,False,Low,-0.21999999999997044,High,Low,0
,272.82,0.0,0.0,90,Snow,heavy snow,2012-12-10 00:00:00,357.0,0,0,False,False,Low,-0.3299999999999841,High,Low,0
,272.24,0.0,0.0,90,Snow,heavy snow,2012-12-10 01:00:00,268.0,1,0,False,False,Low,-0.9099999999999682,High,Low,0
,272.24,0.0,0.0,90,Mist,mist,2012-12-10 01:00:00,268.0,1,0,False,False,Low,-0.9099999999999682,High,Low,0
,272.24,0.0,0.0,90,Snow,snow,2012-12-10 01:00:00,268.0,1,0,False,False,Low,-0.9099999999999682,High,Low,0
,272.01,0.0,0.0,90,Snow,heavy snow,2012-12-10 02:00:00,216.0,2,0,False,False,Low,-1.1399999999999864,High,Low,0
,272.01,0.0,0.0,90,Mist,mist,2012-12-10 02:00:00,216.0,2,0,False,False,Low,-1.1399999999999864,High,Low,0
,272.01,0.0,0.0,90,Snow,snow,2012-12-10 02:00:00,216.0,2,0,False,False,Low,-1.1399999999999864,High,Low,0
,272.01,0.0,0.0,90,Snow,heavy snow,2012-12-10 03:00:00,339.0,3,0,False,False,Low,-1.1399999999999864,High,Low,0
,272.01,0.0,0.0,90,Mist,mist,2012-12-10 03:00:00,339.0,3,0,False,False,Low,-1.1399999999999864,High,Low,0
,272.01,0.0,0.0,90,Snow,snow,2012-12-10 03:00:00,339.0,3,0,False,False,Low,-1.1399999999999864,High,Low,0
,271.95,0.0,0.0,90,Snow,heavy snow,2012-12-10 04:00:00,794.0,4,0,False,False,Low,-1.1999999999999886,High,Low,0
,271.95,0.0,0.0,90,Mist,mist,2012-12-10 04:00:00,794.0,4,0,False,False,Low,-1.1999999999999886,High,Low,0
,271.95,0.0,0.0,90,Snow,snow,2012-12-10 04:00:00,794.0,4,0,False,False,Low,-1.1999999999999886,High,Low,0
,272.07,0.0,0.0,90,Snow,heavy snow,2012-12-10 05:00:00,2139.0,5,0,False,False,Low,-1.079999999999984,High,Low,0
,272.07,0.0,0.0,90,Mist,mist,2012-12-10 05:00:00,2139.0,5,0,False,False,Low,-1.079999999999984,High,Low,0
,272.18,0.0,0.0,90,Snow,heavy snow,2012-12-10 06:00:00,3902.0,6,0,False,False,Medium,-0.9699999999999704,High,Low,0
,272.18,0.0,0.0,90,Mist,mist,2012-12-10 06:00:00,3902.0,6,0,False,False,Medium,-0.9699999999999704,High,Low,0
,272.35,0.0,0.0,90,Snow,heavy snow,2012-12-10 07:00:00,4433.0,7,0,False,True,Medium,-0.7999999999999545,High,Low,0
,272.35,0.0,0.0,90,Mist,mist,2012-12-10 07:00:00,4433.0,7,0,False,True,Medium,-0.7999999999999545,High,Low,0
,272.35,0.0,0.0,90,Snow,snow,2012-12-10 08:00:00,4265.0,8,0,False,True,Medium,-0.7999999999999545,High,Low,0
,272.35,0.0,0.0,90,Fog,fog,2012-12-10 08:00:00,4265.0,8,0,False,True,Medium,-0.7999999999999545,High,Low,0
,272.35,0.0,0.0,90,Snow,heavy snow,2012-12-10 08:00:00,4265.0,8,0,False,True,Medium,-0.7999999999999545,High,Low,0
,272.35,0.0,0.0,90,Mist,mist,2012-12-10 08:00:00,4265.0,8,0,False,True,Medium,-0.7999999999999545,High,Low,0
,272.35,0.0,0.0,90,Snow,snow,2012-12-10 09:00:00,4057.0,9,0,False,True,Medium,-0.7999999999999545,High,Low,0
,272.35,0.0,0.0,90,Fog,fog,2012-12-10 09:00:00,4057.0,9,0,False,True,Medium,-0.7999999999999545,High,Low,0
,272.35,0.0,0.0,90,Snow,heavy snow,2012-12-10 09:00:00,4057.0,9,0,False,True,Medium,-0.7999999999999545,High,Low,0
,272.35,0.0,0.0,90,Mist,mist,2012-12-10 09:00:00,4057.0,9,0,False,True,Medium,-0.7999999999999545,High,Low,0
,272.52,0.0,0.0,90,Fog,fog,2012-12-10 10:00:00,3599.0,10,0,False,False,Medium,-0.6299999999999955,High,Low,0
,272.52,0.0,0.0,90,Snow,snow,2012-12-10 10:00:00,3599.0,10,0,False,False,Medium,-0.6299999999999955,High,Low,0
,272.52,0.0,0.0,90,Snow,heavy snow,2012-12-10 10:00:00,3599.0,10,0,False,False,Medium,-0.6299999999999955,High,Low,0
,272.52,0.0,0.0,90,Mist,mist,2012-12-10 10:00:00,3599.0,10,0,False,False,Medium,-0.6299999999999955,High,Low,0
,272.41,0.0,0.0,90,Snow,snow,2012-12-10 11:00:00,3761.0,11,0,False,False,Medium,-0.7399999999999523,High,Low,0
,272.41,0.0,0.0,90,Fog,fog,2012-12-10 11:00:00,3761.0,11,0,False,False,Medium,-0.7399999999999523,High,Low,0
,272.41,0.0,0.0,90,Snow,heavy snow,2012-12-10 11:00:00,3761.0,11,0,False,False,Medium,-0.7399999999999523,High,Low,0
,272.41,0.0,0.0,90,Fog,fog,2012-12-10 12:00:00,3866.0,12,0,False,False,Medium,-0.7399999999999523,High,Low,0
,272.41,0.0,0.0,90,Snow,snow,2012-12-10 12:00:00,3866.0,12,0,False,False,Medium,-0.7399999999999523,High,Low,0
,272.41,0.0,0.0,90,Snow,heavy snow,2012-12-10 12:00:00,3866.0,12,0,False,False,Medium,-0.7399999999999523,High,Low,0
,272.41,0.0,0.0,90,Fog,fog,2012-12-10 13:00:00,3882.0,13,0,False,False,Medium,-0.7399999999999523,High,Low,0
,272.41,0.0,0.0,90,Snow,snow,2012-12-10 13:00:00,3882.0,13,0,False,False,Medium,-0.7399999999999523,High,Low,0
,272.41,0.0,0.0,90,Snow,heavy snow,2012-12-10 13:00:00,3882.0,13,0,False,False,Medium,-0.7399999999999523,High,Low,0
,272.12,0.0,0.0,90,Snow,snow,2012-12-10 14:00:00,4205.0,14,0,False,False,Medium,-1.0299999999999727,High,Low,0
,272.12,0.0,0.0,90,Fog,fog,2012-12-10 14:00:00,4205.0,14,0,False,False,Medium,-1.0299999999999727,High,Low,0
,272.12,0.0,0.0,90,Snow,heavy snow,2012-12-10 14:00:00,4205.0,14,0,False,False,Medium,-1.0299999999999727,High,Low,0
,272.07,0.0,0.0,90,Snow,snow,2012-12-10 15:00:00,4400.0,15,0,False,False,Medium,-1.079999999999984,High,Low,0
,272.07,0.0,0.0,90,Fog,fog,2012-12-10 15:00:00,4400.0,15,0,False,False,Medium,-1.079999999999984,High,Low,0
,272.07,0.0,0.0,90,Snow,heavy snow,2012-12-10 15:00:00,4400.0,15,0,False,False,Medium,-1.079999999999984,High,Low,0
,271.89,0.0,0.0,90,Snow,snow,2012-12-10 16:00:00,4685.0,16,0,False,True,High,-1.259999999999991,High,Low,0
,271.89,0.0,0.0,90,Fog,fog,2012-12-10 16:00:00,4685.0,16,0,False,True,High,-1.259999999999991,High,Low,0
,271.89,0.0,0.0,90,Snow,heavy snow,2012-12-10 16:00:00,4685.0,16,0,False,True,High,-1.259999999999991,High,Low,0
,271.74,0.0,0.0,90,Snow,heavy snow,2012-12-10 17:00:00,4208.0,17,0,False,True,Medium,-1.4099999999999682,High,Low,0
,271.74,0.0,0.0,90,Mist,mist,2012-12-10 17:00:00,4208.0,17,0,False,True,Medium,-1.4099999999999682,High,Low,0
,271.74,0.0,0.0,90,Snow,snow,2012-12-10 17:00:00,4208.0,17,0,False,True,Medium,-1.4099999999999682,High,Low,0
,271.74,0.0,0.0,90,Fog,fog,2012-12-10 17:00:00,4208.0,17,0,False,True,Medium,-1.4099999999999682,High,Low,0
,271.4,0.0,0.0,90,Snow,heavy snow,2012-12-10 18:00:00,3516.0,18,0,False,True,Medium,-1.75,High,Low,0
,271.4,0.0,0.0,90,Mist,mist,2012-12-10 18:00:00,3516.0,18,0,False,True,Medium,-1.75,High,Low,0
,270.91,0.0,0.0,90,Snow,heavy snow,2012-12-10 19:00:00,2520.0,19,0,False,False,Medium,-2.2399999999999523,High,Low,0
,270.91,0.0,0.0,90,Mist,mist,2012-12-10 19:00:00,2520.0,19,0,False,False,Medium,-2.2399999999999523,High,Low,0
,270.91,0.0,0.0,90,Snow,snow,2012-12-10 19:00:00,2520.0,19,0,False,False,Medium,-2.2399999999999523,High,Low,0
,270.81,0.0,0.0,90,Snow,heavy snow,2012-12-10 20:00:00,2131.0,20,0,False,False,Low,-2.339999999999975,High,Low,0
,270.81,0.0,0.0,90,Mist,mist,2012-12-10 20:00:00,2131.0,20,0,False,False,Low,-2.339999999999975,High,Low,0
,270.81,0.0,0.0,90,Snow,snow,2012-12-10 20:00:00,2131.0,20,0,False,False,Low,-2.339999999999975,High,Low,0
,269.78,0.0,0.0,90,Snow,heavy snow,2012-12-10 21:00:00,1983.0,21,0,False,False,Low,-3.3700000000000045,High,Low,0
,269.78,0.0,0.0,90,Mist,mist,2012-12-10 21:00:00,1983.0,21,0,False,False,Low,-3.3700000000000045,High,Low,0
,268.41,0.0,0.0,90,Snow,heavy snow,2012-12-10 22:00:00,1684.0,22,0,False,False,Low,-4.739999999999952,High,Low,0
,268.41,0.0,0.0,90,Mist,mist,2012-12-10 22:00:00,1684.0,22,0,False,False,Low,-4.739999999999952,High,Low,0
,266.76,0.0,0.0,90,Snow,heavy snow,2012-12-10 23:00:00,976.0,23,0,False,False,Low,-6.389999999999986,High,Low,0
,266.76,0.0,0.0,90,Mist,mist,2012-12-10 23:00:00,976.0,23,0,False,False,Low,-6.389999999999986,High,Low,0
,265.17,0.0,0.0,90,Snow,heavy snow,2012-12-11 00:00:00,450.0,0,1,False,False,Low,-7.979999999999961,High,Low,0
,265.17,0.0,0.0,90,Mist,mist,2012-12-11 00:00:00,450.0,0,1,False,False,Low,-7.979999999999961,High,Low,0
,264.04,0.0,0.0,90,Snow,heavy snow,2012-12-11 01:00:00,314.0,1,1,False,False,Low,-9.109999999999957,High,Low,0
,263.58,0.0,0.0,90,Snow,heavy snow,2012-12-11 02:00:00,255.0,2,1,False,False,Low,-9.569999999999993,High,Low,0
,263.07,0.0,0.0,90,Snow,heavy snow,2012-12-11 03:00:00,344.0,3,1,False,False,Low,-10.079999999999984,High,Low,0
,262.31,0.0,0.0,90,Snow,heavy snow,2012-12-11 04:00:00,789.0,4,1,False,False,Low,-10.839999999999975,High,Low,0
,262.31,0.0,0.0,90,Mist,mist,2012-12-11 04:00:00,789.0,4,1,False,False,Low,-10.839999999999975,High,Low,0
,261.68,0.0,0.0,75,Snow,heavy snow,2012-12-11 05:00:00,2531.0,5,1,False,False,Medium,-11.46999999999997,High,Low,0
,261.45,0.0,0.0,75,Snow,heavy snow,2012-12-11 06:00:00,4867.0,6,1,False,False,High,-11.699999999999989,High,Low,0
,261.18,0.0,0.0,90,Snow,heavy snow,2012-12-11 07:00:00,5263.0,7,1,False,True,High,-11.96999999999997,High,Low,0
,260.75,0.0,0.0,90,Snow,heavy snow,2012-12-11 08:00:00,5325.0,8,1,False,True,High,-12.399999999999977,High,Low,0
,260.77,0.0,0.0,90,Clouds,overcast clouds,2012-12-11 09:00:00,5137.0,9,1,False,True,High,-12.379999999999995,High,Low,0
,260.81,0.0,0.0,75,Snow,heavy snow,2012-12-11 10:00:00,4582.0,10,1,False,False,Medium,-12.339999999999975,High,Low,0
,260.85,0.0,0.0,40,Clouds,scattered clouds,2012-12-11 11:00:00,4202.0,11,1,False,False,Medium,-12.299999999999955,High,Low,0
,261.0,0.0,0.0,20,Clouds,few clouds,2012-12-11 12:00:00,4396.0,12,1,False,False,Medium,-12.149999999999977,High,Low,0
,261.99,0.0,0.0,20,Clouds,few clouds,2012-12-11 13:00:00,4519.0,13,1,False,False,Medium,-11.159999999999968,High,Low,0
,262.23,0.0,0.0,40,Clouds,scattered clouds,2012-12-11 14:00:00,4890.0,14,1,False,False,High,-10.919999999999959,High,Low,0
,261.58,0.0,0.0,40,Clouds,scattered clouds,2012-12-11 15:00:00,5139.0,15,1,False,False,High,-11.569999999999993,High,Low,0
,260.25,0.0,0.0,75,Clouds,broken clouds,2012-12-11 16:00:00,5242.0,16,1,False,True,High,-12.899999999999977,High,Low,0
,259.04,0.0,0.0,40,Clouds,scattered clouds,2012-12-11 17:00:00,4913.0,17,1,False,True,High,-14.109999999999957,High,Low,0
,257.81,0.0,0.0,40,Clouds,scattered clouds,2012-12-11 18:00:00,4415.0,18,1,False,True,Medium,-15.339999999999975,High,Low,0
,257.01,0.0,0.0,75,Clouds,broken clouds,2012-12-11 19:00:00,2880.0,19,1,False,False,Medium,-16.139999999999986,High,Low,0
,255.94,0.0,0.0,75,Clouds,broken clouds,2012-12-11 20:00:00,2425.0,20,1,False,False,Medium,-17.20999999999998,High,Low,0
,256.23,0.0,0.0,90,Clouds,overcast clouds,2012-12-11 21:00:00,2273.0,21,1,False,False,Medium,-16.91999999999996,High,Low,0
,256.06,0.0,0.0,40,Haze,haze,2012-12-11 22:00:00,1746.0,22,1,False,False,Low,-17.089999999999975,High,Low,0
,256.73,0.0,0.0,90,Clouds,overcast clouds,2012-12-11 23:00:00,1007.0,23,1,False,False,Low,-16.41999999999996,High,Low,0
,257.71,0.0,0.0,90,Mist,mist,2012-12-12 00:00:00,571.0,0,2,False,False,Low,-15.439999999999998,High,Low,0
,257.71,0.0,0.0,90,Snow,heavy snow,2012-12-12 00:00:00,571.0,0,2,False,False,Low,-15.439999999999998,High,Low,0
,258.71,0.0,0.0,90,Snow,heavy snow,2012-12-12 01:00:00,349.0,1,2,False,False,Low,-14.439999999999998,High,Low,0
,259.76,0.0,0.0,90,Snow,heavy snow,2012-12-12 02:00:00,245.0,2,2,False,False,Low,-13.389999999999986,High,Low,0
,260.13,0.0,0.0,90,Snow,heavy snow,2012-12-12 03:00:00,357.0,3,2,False,False,Low,-13.019999999999982,High,Low,0
,260.13,0.0,0.0,90,Mist,mist,2012-12-12 03:00:00,357.0,3,2,False,False,Low,-13.019999999999982,High,Low,0
,260.39,0.0,0.0,90,Snow,heavy snow,2012-12-12 04:00:00,833.0,4,2,False,False,Low,-12.759999999999991,High,Low,0
,260.39,0.0,0.0,90,Mist,mist,2012-12-12 04:00:00,833.0,4,2,False,False,Low,-12.759999999999991,High,Low,0
,260.57,0.0,0.0,90,Snow,heavy snow,2012-12-12 05:00:00,2620.0,5,2,False,False,Medium,-12.579999999999984,High,Low,0
,260.71,0.0,0.0,75,Clouds,broken clouds,2012-12-12 06:00:00,5178.0,6,2,False,False,High,-12.439999999999998,High,Low,0
,260.64,0.0,0.0,90,Mist,mist,2012-12-12 07:00:00,5771.0,7,2,False,True,High,-12.509999999999991,High,Low,0
,260.64,0.0,0.0,90,Snow,heavy snow,2012-12-12 07:00:00,5771.0,7,2,False,True,High,-12.509999999999991,High,Low,0
,260.42,0.0,0.0,40,Snow,heavy snow,2012-12-12 08:00:00,5586.0,8,2,False,True,High,-12.729999999999961,High,Low,0
,260.42,0.0,0.0,40,Mist,mist,2012-12-12 08:00:00,5586.0,8,2,False,True,High,-12.729999999999961,High,Low,0
,261.16,0.0,0.0,40,Clouds,scattered clouds,2012-12-12 09:00:00,5310.0,9,2,False,True,High,-11.989999999999952,High,Low,0
,262.17,0.0,0.0,90,Clouds,overcast clouds,2012-12-12 10:00:00,4313.0,10,2,False,False,Medium,-10.979999999999961,High,Low,0
